claim_id,patient_age,gender,policy_start_days,claim_amount,treatment_type,previous_claims_count,days_since_last_claim,is_emergency,hospital_risk_score,fraud_label
1,56,Male,908,217954,Consultation,1,188,1,0.53,0
2,69,Male,445,335280,Emergency,4,130,0,0.84,1
3,46,Male,425,116541,Therapy,0,211,1,0.58,0
4,32,Female,161,200691,Surgery,1,112,0,0.06,0
5,60,Female,178,66842,Therapy,0,43,1,0.66,0
6,25,Male,629,493019,Therapy,4,127,1,0.01,1
7,78,Male,708,237930,Surgery,1,363,1,0.78,1
8,38,Female,895,294134,Therapy,5,157,1,0.67,1
9,56,Male,490,152265,Surgery,5,272,0,0.31,1
10,75,Male,327,297253,Surgery,4,314,1,0.29,1
11,36,Female,598,135356,Therapy,2,354,1,0.8,1
12,40,Male,289,417449,Therapy,4,339,1,0.78,1
13,28,Female,593,249629,Consultation,2,44,0,0.35,0
14,28,Male,664,217802,Consultation,1,107,0,0.3,0
15,41,Female,573,395277,Emergency,2,218,0,0.56,1
16,70,Male,573,170582,Emergency,1,317,0,0.01,0
17,53,Male,354,268450,Therapy,1,314,0,0.08,0
18,57,Female,28,8849,Surgery,3,176,0,0.13,0
19,41,Male,954,17360,Emergency,1,227,1,0.19,0
20,20,Female,43,378216,Therapy,2,190,1,0.51,1
21,39,Male,681,258279,Emergency,3,159,1,0.99,1
22,70,Female,423,99767,Surgery,3,266,0,0.65,0
23,19,Female,598,266445,Therapy,1,357,1,0.06,0
24,41,Female,177,181872,Surgery,4,325,1,0.53,1
25,61,Female,529,435179,Therapy,4,189,0,0.5,1
26,47,Male,610,59330,Emergency,5,174,1,0.14,1
27,55,Male,966,56707,Consultation,3,289,0,0.92,1
28,19,Female,494,285833,Emergency,1,356,1,0.44,0
29,77,Female,198,34084,Emergency,4,144,0,0.99,1
30,38,Female,610,45387,Consultation,1,231,0,0.42,0
31,50,Male,577,341960,Consultation,1,359,0,0.61,1
32,29,Male,842,7642,Therapy,3,203,1,0.1,0
33,75,Male,853,309281,Therapy,5,212,1,0.45,1
34,39,Male,517,478048,Surgery,3,39,0,0.24,1
35,78,Female,514,191633,Surgery,0,274,0,0.84,1
36,61,Female,22,329404,Emergency,4,322,1,0.78,1
37,42,Female,112,151510,Consultation,4,81,1,0.82,1
38,66,Male,57,315586,Surgery,4,180,0,0.72,1
39,44,Male,66,370205,Emergency,2,319,1,0.83,1
40,76,Male,842,401210,Consultation,1,82,1,0.2,1
41,59,Female,98,259511,Therapy,3,302,1,0.45,0
42,45,Female,144,392988,Emergency,4,261,0,0.69,1
43,77,Male,880,366719,Therapy,0,271,0,0.64,1
44,33,Female,435,268957,Surgery,4,199,1,0.72,1
45,32,Male,637,360171,Surgery,5,239,0,0.22,1
46,79,Male,679,390633,Consultation,1,179,1,0.1,1
47,79,Female,86,89381,Emergency,1,170,1,0.92,1
48,64,Male,588,254880,Therapy,3,294,0,0.56,0
49,79,Female,344,322420,Consultation,2,176,0,0.15,1
50,68,Male,936,308387,Surgery,3,236,0,0.79,1
51,61,Female,294,198984,Surgery,4,137,1,0.91,1
52,72,Female,956,65272,Emergency,5,326,1,0.17,1
53,69,Female,571,178123,Therapy,0,310,0,0.82,1
54,74,Male,650,477070,Emergency,3,128,0,0.93,1
55,20,Male,611,218808,Therapy,2,48,0,0.94,1
56,54,Female,704,258091,Therapy,3,163,1,0.91,1
57,68,Female,243,332762,Emergency,1,276,1,0.55,1
58,24,Male,831,269064,Consultation,4,292,1,0.36,1
59,38,Male,561,111121,Emergency,4,115,0,0.01,1
60,26,Male,960,475435,Emergency,4,23,0,0.06,1
61,56,Female,32,81872,Surgery,4,310,1,0.43,1
62,35,Male,391,348276,Surgery,4,24,0,0.4,1
63,21,Male,277,269237,Emergency,4,126,0,0.18,1
64,42,Female,532,280049,Emergency,0,233,0,0.4,0
65,77,Male,154,126759,Surgery,2,208,0,0.17,0
66,31,Male,383,422567,Therapy,4,92,1,0.85,1
67,67,Male,68,298125,Emergency,2,93,0,0.3,0
68,75,Female,878,341047,Consultation,5,326,1,0.6,1
69,26,Female,884,337965,Consultation,4,224,1,0.5,1
70,43,Female,214,376344,Consultation,3,279,0,0.05,1
71,70,Female,655,87289,Emergency,4,10,1,0.94,1
72,19,Female,376,121506,Therapy,1,328,1,0.53,0
73,37,Female,744,482237,Therapy,0,11,0,0.33,1
74,45,Female,213,83513,Surgery,3,34,1,0.16,0
75,64,Male,79,418090,Emergency,3,227,1,0.34,1
76,77,Male,726,187003,Therapy,1,219,1,0.02,0
77,24,Female,628,405890,Emergency,4,140,1,0.36,1
78,61,Male,604,317660,Surgery,0,22,1,0.53,1
79,78,Male,782,264480,Surgery,3,82,1,0.87,1
80,25,Female,923,267043,Surgery,0,228,1,0.69,0
81,64,Male,381,492790,Consultation,3,343,1,0.11,1
82,52,Male,680,196758,Emergency,4,79,0,0.15,1
83,31,Male,58,493067,Surgery,5,352,0,0.43,1
84,34,Male,796,336356,Emergency,3,289,0,0.2,1
85,53,Male,26,138498,Consultation,5,330,1,0.03,1
86,67,Female,881,259024,Consultation,3,158,1,0.81,1
87,57,Female,447,135970,Surgery,2,127,1,0.02,0
88,21,Female,66,95009,Surgery,4,189,0,0.83,1
89,19,Male,921,204570,Therapy,1,30,0,0.14,0
90,79,Female,760,428159,Emergency,5,358,0,0.97,1
91,23,Male,254,202467,Surgery,1,14,1,0.6,0
92,71,Male,899,49816,Therapy,4,312,0,0.73,1
93,59,Male,968,9138,Emergency,1,74,0,0.11,0
94,21,Male,44,498944,Surgery,4,33,1,0.86,1
95,71,Female,97,96176,Therapy,1,358,0,0.84,1
96,46,Female,554,343089,Therapy,5,195,1,0.65,1
97,35,Male,227,271161,Emergency,2,330,0,0.5,0
98,43,Female,774,277595,Therapy,1,28,1,0.72,1
99,61,Male,679,199028,Emergency,5,193,1,0.01,1
100,51,Female,436,361007,Emergency,3,15,1,0.59,1
101,27,Female,791,277422,Emergency,4,76,1,0.85,1
102,79,Male,601,226552,Consultation,0,292,1,0.36,0
103,53,Female,379,48764,Therapy,0,80,0,0.11,0
104,31,Male,178,128030,Emergency,4,123,1,0.42,1
105,48,Female,427,399350,Surgery,2,18,1,0.73,1
106,65,Male,915,330087,Consultation,1,101,1,0.11,1
107,32,Male,709,100667,Consultation,2,76,1,0.21,0
108,25,Female,307,321462,Therapy,0,228,0,0.15,1
109,31,Female,779,370567,Emergency,5,296,1,0.8,1
110,40,Male,504,371142,Therapy,4,202,0,0.06,1
111,77,Female,268,65128,Consultation,4,60,1,0.69,1
112,74,Female,586,224128,Emergency,2,25,1,0.37,0
113,79,Male,8,289013,Surgery,5,70,0,0.76,1
114,57,Male,920,238540,Emergency,2,102,0,0.96,1
115,38,Female,508,10039,Consultation,1,325,0,0.11,0
116,33,Male,476,157353,Surgery,3,362,1,0.31,0
117,62,Male,297,117935,Emergency,5,156,0,0.81,1
118,35,Male,164,15442,Surgery,3,362,1,0.27,0
119,64,Female,485,340932,Surgery,1,358,0,0.22,1
120,70,Female,597,386873,Consultation,3,193,0,0.83,1
121,41,Male,72,294730,Surgery,0,274,1,0.99,1
122,43,Female,567,58053,Therapy,3,323,0,0.56,0
123,42,Male,905,186561,Consultation,1,185,0,0.28,0
124,77,Female,559,219176,Therapy,3,325,1,0.4,0
125,77,Male,911,91346,Surgery,4,112,1,0.17,1
126,77,Male,944,334231,Therapy,2,312,1,0.76,1
127,62,Female,238,410841,Emergency,0,164,0,0.77,1
128,58,Male,104,39397,Surgery,4,60,0,0.88,1
129,46,Female,210,325815,Emergency,4,91,0,0.03,1
130,32,Female,554,121214,Therapy,1,285,0,0.56,0
131,62,Male,828,490001,Emergency,2,152,0,0.21,1
132,18,Male,468,334041,Surgery,2,224,1,0.34,1
133,42,Female,454,162221,Emergency,5,126,0,0.78,1
134,24,Male,268,458246,Therapy,0,192,1,0.19,1
135,26,Male,386,468122,Therapy,1,114,0,0.64,1
136,41,Male,775,403499,Therapy,0,261,1,0.65,1
137,18,Male,848,405826,Surgery,5,17,0,0.95,1
138,61,Male,387,441542,Therapy,3,9,0,0.78,1
139,25,Female,877,282068,Surgery,4,91,1,0.8,1
140,41,Female,259,118143,Emergency,0,138,0,0.53,0
141,28,Male,283,377397,Therapy,4,332,1,0.19,1
142,68,Male,626,474378,Emergency,1,356,0,0.43,1
143,34,Male,875,367441,Consultation,3,339,0,0.55,1
144,25,Female,40,268013,Emergency,1,51,1,0.68,0
145,52,Male,486,364232,Consultation,3,194,0,0.61,1
146,52,Female,929,268158,Emergency,3,205,1,0.39,0
147,50,Female,220,15103,Surgery,4,286,0,0.27,1
148,76,Female,129,480738,Emergency,1,92,0,0.17,1
149,22,Male,520,377461,Surgery,1,308,0,0.69,1
150,59,Female,613,494223,Surgery,0,144,0,0.65,1
151,56,Male,928,431674,Therapy,1,85,0,0.69,1
152,75,Female,892,488821,Surgery,0,152,0,0.37,1
153,58,Male,688,87409,Consultation,2,1,0,0.26,0
154,45,Female,619,28248,Therapy,2,341,1,0.76,1
155,24,Male,613,487376,Therapy,2,259,0,0.77,1
156,26,Female,260,179588,Emergency,5,163,0,0.46,1
157,25,Male,990,427277,Surgery,1,5,0,0.61,1
158,29,Male,966,160242,Surgery,5,148,1,0.37,1
159,51,Male,366,13024,Consultation,1,204,1,0.7,0
160,50,Male,758,480430,Emergency,0,117,0,0.84,1
161,65,Female,787,239864,Emergency,5,88,0,0.69,1
162,72,Female,544,353091,Therapy,5,153,0,0.51,1
163,40,Male,649,179875,Therapy,5,166,1,0.46,1
164,79,Female,524,417512,Therapy,3,160,0,0.64,1
165,41,Male,907,358973,Consultation,0,269,1,0.68,1
166,54,Male,814,359852,Consultation,2,55,0,0.56,1
167,52,Female,887,353808,Therapy,0,227,1,0.62,1
168,61,Male,16,416473,Emergency,3,336,1,0.1,1
169,57,Male,129,148927,Consultation,1,148,0,0.95,1
170,39,Female,575,90178,Emergency,0,45,0,0.79,1
171,44,Male,109,368265,Emergency,5,143,0,0.37,1
172,52,Male,887,287169,Surgery,2,237,0,0.56,0
173,18,Male,533,402674,Therapy,2,271,0,0.05,1
174,52,Male,670,68610,Surgery,1,119,0,0.04,0
175,54,Female,269,75843,Therapy,0,339,0,0.25,0
176,64,Female,162,112237,Therapy,3,219,1,0.69,0
177,31,Female,260,482177,Emergency,1,7,0,0.85,1
178,20,Male,924,185903,Therapy,0,343,0,0.56,0
179,18,Male,102,179499,Emergency,4,274,1,0.53,1
180,22,Female,506,492025,Emergency,2,352,0,0.4,1
181,43,Male,735,135299,Therapy,3,65,0,0.16,0
182,72,Male,571,436722,Emergency,5,78,0,0.12,1
183,31,Male,247,10668,Emergency,3,85,0,0.76,1
184,56,Male,640,227542,Emergency,5,123,1,0.93,1
185,44,Female,795,183267,Consultation,3,201,1,0.46,0
186,26,Female,837,340377,Emergency,2,149,0,0.66,1
187,32,Female,537,160489,Consultation,5,45,0,0.91,1
188,32,Male,131,349126,Consultation,0,112,1,0.09,1
189,43,Female,353,111133,Emergency,5,90,0,0.77,1
190,59,Female,196,277895,Emergency,1,140,1,0.62,0
191,77,Male,793,313362,Consultation,0,288,1,0.6,1
192,30,Male,916,393793,Consultation,1,217,1,0.29,1
193,68,Female,930,274496,Emergency,3,76,0,0.68,0
194,49,Female,666,215124,Emergency,0,333,0,0.79,1
195,56,Female,382,93835,Therapy,3,151,0,0.11,0
196,66,Female,645,102493,Consultation,4,322,1,0.53,1
197,69,Male,227,296071,Consultation,3,238,0,0.1,0
198,78,Female,701,177166,Therapy,3,114,0,0.87,1
199,49,Female,476,106948,Consultation,1,318,1,0.51,0
200,21,Male,477,190194,Surgery,5,93,0,0.81,1
201,47,Female,265,34493,Consultation,4,47,0,0.37,1
202,54,Male,372,490463,Therapy,3,190,0,0.13,1
203,40,Male,486,471755,Surgery,3,11,1,0.04,1
204,56,Male,434,298851,Emergency,4,155,0,0.28,1
205,62,Female,646,204886,Therapy,4,171,1,0.24,1
206,32,Female,211,143368,Therapy,0,295,1,0.56,0
207,60,Male,572,161470,Emergency,1,176,1,0.02,0
208,46,Female,940,302986,Therapy,4,340,0,0.52,1
209,53,Female,377,18261,Consultation,4,56,0,0.39,1
210,30,Male,395,81709,Emergency,2,342,0,0.58,0
211,49,Male,450,100985,Therapy,5,339,1,0.7,1
212,24,Female,943,373760,Emergency,4,202,1,0.63,1
213,76,Male,364,454920,Emergency,1,184,0,0.98,1
214,68,Female,876,334317,Emergency,5,120,1,0.14,1
215,39,Female,457,298925,Surgery,5,225,0,0.43,1
216,45,Female,725,280796,Therapy,3,201,0,0.42,0
217,19,Female,728,272247,Surgery,3,329,0,0.42,0
218,59,Male,226,292644,Therapy,3,362,0,0.66,0
219,62,Male,982,251404,Consultation,3,355,0,0.49,0
220,79,Male,131,105336,Consultation,2,215,0,0.52,0
221,74,Male,588,433745,Consultation,4,42,0,0.43,1
222,70,Female,476,118499,Therapy,3,22,1,0.99,1
223,23,Female,798,154524,Emergency,0,154,0,0.93,1
224,45,Male,986,316537,Emergency,3,185,1,0.31,1
225,45,Female,277,429390,Surgery,4,248,1,0.11,1
226,61,Female,156,462666,Surgery,3,236,0,0.84,1
227,61,Female,760,171508,Consultation,2,292,1,1.0,1
228,37,Male,218,314550,Surgery,1,133,1,0.29,1
229,47,Male,190,330203,Therapy,1,320,1,0.36,1
230,79,Male,417,152026,Therapy,4,21,0,0.94,1
231,28,Female,981,349866,Surgery,1,360,0,0.71,1
232,75,Male,675,255819,Surgery,1,87,0,0.3,0
233,72,Male,692,17356,Surgery,0,152,0,0.58,0
234,45,Male,546,133128,Surgery,4,124,0,0.94,1
235,42,Male,41,496715,Consultation,4,78,1,0.81,1
236,56,Male,307,7187,Consultation,1,345,1,0.74,1
237,79,Male,943,344387,Surgery,1,50,0,0.74,1
238,50,Female,338,302242,Therapy,1,215,1,0.18,1
239,18,Female,314,490687,Consultation,5,175,1,0.82,1
240,74,Male,75,157297,Therapy,2,357,1,0.28,0
241,44,Male,953,139678,Emergency,3,252,1,0.93,1
242,79,Female,279,324764,Therapy,2,245,0,0.36,1
243,74,Female,176,431044,Surgery,4,226,0,0.86,1
244,69,Male,896,131270,Emergency,0,105,0,0.27,0
245,30,Male,662,424705,Consultation,3,192,1,0.51,1
246,58,Male,273,281531,Consultation,0,315,1,0.11,0
247,20,Male,837,336607,Emergency,5,301,0,0.66,1
248,56,Female,620,470048,Therapy,4,35,0,0.84,1
249,23,Male,651,494196,Consultation,5,203,1,0.72,1
250,25,Male,862,247998,Surgery,4,266,0,0.52,1
251,44,Male,783,400807,Emergency,0,267,0,0.05,1
252,26,Male,859,246503,Surgery,0,169,1,0.93,1
253,79,Female,931,446732,Emergency,0,38,1,0.71,1
254,54,Female,289,358827,Consultation,4,138,0,0.75,1
255,50,Female,724,67061,Therapy,1,291,1,0.79,1
256,68,Male,893,240497,Emergency,0,51,0,0.75,1
257,59,Male,272,464952,Emergency,5,286,1,0.44,1
258,61,Female,930,86257,Surgery,3,288,1,0.73,1
259,41,Male,66,66753,Consultation,4,140,0,0.63,1
260,32,Male,483,351918,Surgery,5,145,1,0.85,1
261,76,Female,936,409303,Consultation,2,313,0,0.8,1
262,71,Female,248,429032,Surgery,2,183,1,0.04,1
263,49,Female,156,28408,Emergency,3,151,0,0.38,0
264,49,Female,47,129116,Surgery,1,200,1,0.03,0
265,41,Male,935,136208,Therapy,0,127,1,0.1,0
266,58,Male,454,22413,Consultation,4,286,0,0.6,1
267,69,Female,201,118650,Consultation,5,310,1,0.87,1
268,66,Male,660,64500,Emergency,0,252,0,0.12,0
269,79,Female,124,351658,Consultation,5,265,1,0.45,1
270,66,Female,1,61358,Therapy,4,187,1,0.91,1
271,75,Male,968,71197,Surgery,2,229,0,0.81,1
272,69,Female,759,498992,Emergency,0,270,1,0.52,1
273,29,Male,855,228861,Therapy,3,258,1,0.77,1
274,79,Male,640,228492,Consultation,1,298,0,0.52,0
275,56,Male,191,266545,Consultation,3,197,1,0.16,0
276,19,Male,579,431070,Therapy,1,322,0,0.12,1
277,20,Female,516,81240,Surgery,5,55,0,0.19,1
278,66,Male,442,240595,Surgery,0,318,0,0.35,0
279,54,Female,921,226135,Emergency,0,202,1,0.93,1
280,66,Female,815,283466,Consultation,1,270,1,0.8,1
281,73,Female,806,380197,Therapy,2,108,0,0.43,1
282,34,Female,143,11968,Surgery,4,115,1,0.49,1
283,76,Male,191,294662,Emergency,3,91,0,0.27,0
284,66,Male,533,319069,Consultation,5,137,1,0.7,1
285,19,Female,227,195920,Consultation,3,302,0,0.8,1
286,19,Female,313,379044,Emergency,3,56,0,0.24,1
287,45,Male,629,360566,Emergency,5,49,1,0.04,1
288,71,Female,949,268844,Surgery,5,70,0,0.62,1
289,40,Male,302,360926,Therapy,0,81,0,0.56,1
290,54,Female,654,237076,Consultation,3,104,1,0.4,0
291,49,Male,996,28199,Therapy,4,87,0,0.64,1
292,50,Female,460,442805,Consultation,4,1,0,0.55,1
293,18,Female,401,168187,Consultation,1,359,1,0.25,0
294,36,Male,551,460150,Therapy,5,83,0,0.4,1
295,79,Female,393,190388,Emergency,0,42,0,0.43,0
296,19,Female,867,10520,Surgery,4,153,0,0.88,1
297,70,Male,764,114814,Consultation,2,326,0,0.96,1
298,61,Female,845,172527,Emergency,0,93,0,0.89,1
299,43,Male,207,251356,Consultation,0,297,0,0.72,1
300,49,Male,210,484681,Surgery,4,132,0,0.58,1
301,23,Female,115,128364,Consultation,2,64,0,0.69,0
302,49,Female,737,439821,Surgery,1,289,1,0.94,1
303,72,Female,646,19955,Surgery,4,256,0,0.25,1
304,21,Female,251,180121,Consultation,2,212,0,0.54,0
305,72,Female,219,149989,Consultation,0,147,1,0.69,0
306,28,Female,407,468509,Surgery,2,60,0,0.68,1
307,73,Female,443,476797,Emergency,0,148,0,0.25,1
308,76,Male,603,255144,Therapy,4,87,0,0.59,1
309,34,Female,354,69925,Surgery,5,323,0,0.8,1
310,55,Male,888,374360,Consultation,4,277,0,0.48,1
311,41,Female,558,75269,Consultation,3,81,0,0.79,1
312,22,Female,550,429170,Emergency,3,128,1,0.36,1
313,69,Male,142,494887,Therapy,3,285,1,0.94,1
314,51,Female,612,470833,Surgery,4,352,1,0.53,1
315,23,Female,501,308602,Surgery,1,279,1,0.6,1
316,39,Male,840,356181,Therapy,4,269,1,0.03,1
317,28,Female,702,157185,Surgery,5,291,0,0.17,1
318,65,Female,547,104977,Therapy,2,202,0,0.63,0
319,33,Female,659,488442,Consultation,4,23,0,0.42,1
320,50,Male,542,311083,Therapy,4,350,0,0.51,1
321,26,Female,846,34345,Surgery,0,310,0,0.06,0
322,77,Female,507,260688,Therapy,0,207,1,0.83,1
323,76,Female,596,444529,Emergency,0,279,1,0.78,1
324,23,Female,881,377251,Consultation,4,204,0,0.19,1
325,33,Male,281,389010,Consultation,1,151,0,0.63,1
326,46,Male,424,490581,Therapy,2,25,0,0.82,1
327,20,Female,856,266798,Surgery,2,193,1,0.64,0
328,37,Female,270,498814,Emergency,5,335,1,0.31,1
329,77,Male,154,336310,Consultation,1,237,0,0.66,1
330,76,Male,614,183933,Consultation,1,320,1,0.21,0
331,53,Female,727,102406,Surgery,2,74,0,0.32,0
332,36,Male,662,316442,Surgery,3,162,1,0.24,1
333,43,Female,944,445437,Emergency,0,298,1,0.56,1
334,20,Male,83,312086,Therapy,0,28,0,0.11,1
335,36,Male,622,8453,Surgery,2,164,1,0.93,1
336,37,Male,947,107811,Therapy,1,336,1,0.33,0
337,49,Male,899,59935,Emergency,5,185,0,0.22,1
338,24,Female,426,389583,Therapy,3,53,1,0.5,1
339,69,Male,275,179442,Consultation,2,294,0,0.28,0
340,58,Male,713,275472,Therapy,0,41,1,0.53,0
341,50,Female,284,20534,Emergency,4,284,0,0.35,1
342,57,Male,980,352424,Emergency,1,137,0,0.13,1
343,56,Male,173,483141,Emergency,4,186,1,0.27,1
344,35,Female,327,41320,Therapy,5,203,1,0.44,1
345,57,Male,718,54170,Consultation,2,41,0,0.03,0
346,18,Female,63,105546,Surgery,0,349,1,0.77,1
347,28,Female,73,85201,Consultation,3,287,1,0.62,0
348,45,Female,763,239473,Therapy,4,25,1,0.6,1
349,74,Female,636,275784,Therapy,3,55,0,0.55,0
350,42,Male,375,236324,Surgery,5,252,0,0.59,1
351,67,Female,633,489273,Therapy,0,121,0,0.93,1
352,40,Male,508,166121,Emergency,4,105,1,0.01,1
353,48,Male,787,403834,Emergency,5,129,1,0.05,1
354,47,Male,943,238612,Emergency,3,336,0,0.19,0
355,59,Male,398,192125,Emergency,3,157,0,0.17,0
356,52,Male,120,400136,Emergency,4,230,1,0.18,1
357,24,Male,934,311081,Therapy,0,307,1,0.67,1
358,77,Male,437,205796,Surgery,3,90,1,0.46,0
359,33,Male,829,148279,Surgery,2,21,1,0.99,1
360,43,Male,676,201846,Emergency,5,289,0,0.23,1
361,65,Male,936,169044,Therapy,4,109,1,0.31,1
362,74,Female,465,409015,Consultation,1,48,1,0.98,1
363,69,Female,286,207160,Consultation,1,128,0,0.83,1
364,77,Female,265,427132,Therapy,0,72,0,0.47,1
365,66,Male,320,75463,Emergency,2,339,1,0.55,0
366,19,Female,673,98500,Surgery,3,52,0,0.84,1
367,18,Female,376,212772,Therapy,1,355,1,0.48,0
368,65,Female,820,42158,Consultation,0,167,1,0.21,0
369,79,Male,89,89607,Consultation,5,44,0,0.83,1
370,29,Male,654,386783,Consultation,2,104,0,0.54,1
371,22,Male,203,250017,Emergency,2,149,1,0.15,0
372,54,Male,821,338840,Consultation,0,145,0,0.51,1
373,49,Female,739,328654,Therapy,0,203,1,0.41,1
374,76,Female,955,125076,Therapy,3,361,1,0.88,1
375,72,Female,334,63692,Consultation,0,298,1,0.13,0
376,26,Female,222,135841,Therapy,3,166,0,0.88,1
377,58,Male,41,197816,Consultation,3,200,1,0.51,0
378,52,Male,708,282954,Consultation,4,133,1,0.4,1
379,36,Male,68,403342,Surgery,2,210,1,0.16,1
380,65,Female,988,166081,Emergency,5,47,0,0.7,1
381,33,Male,776,497336,Emergency,2,125,1,0.93,1
382,20,Male,514,116718,Surgery,2,238,1,0.38,0
383,37,Female,873,358076,Surgery,4,6,1,0.24,1
384,41,Female,637,5192,Emergency,3,271,0,0.55,0
385,71,Male,622,252536,Consultation,3,36,1,0.8,1
386,73,Male,598,41413,Consultation,0,210,1,0.0,0
387,50,Male,937,148888,Emergency,4,164,0,0.63,1
388,41,Male,632,44082,Consultation,0,124,0,0.6,0
389,69,Male,127,332192,Surgery,4,336,1,0.32,1
390,28,Male,255,128130,Consultation,0,191,1,0.45,0
391,66,Female,695,55940,Consultation,1,217,1,0.25,0
392,25,Female,16,168202,Therapy,2,213,0,0.79,1
393,53,Female,477,45142,Therapy,2,61,0,0.63,0
394,55,Male,62,41468,Therapy,5,327,1,0.53,1
395,57,Female,881,428914,Consultation,3,160,0,0.39,1
396,37,Male,432,146727,Emergency,5,65,1,0.29,1
397,79,Male,670,183969,Surgery,1,285,1,0.82,1
398,52,Female,268,428291,Consultation,5,238,0,0.45,1
399,65,Male,35,407575,Emergency,2,19,1,0.5,1
400,79,Male,779,396192,Consultation,3,187,0,0.52,1
401,42,Female,576,241187,Surgery,1,81,0,0.45,0
402,52,Female,494,47056,Consultation,2,362,1,0.26,0
403,42,Female,562,56831,Surgery,0,201,0,0.12,0
404,46,Male,469,326335,Consultation,4,131,1,0.1,1
405,35,Female,767,254664,Surgery,1,36,0,0.76,1
406,63,Female,661,389092,Consultation,3,131,1,0.22,1
407,35,Male,325,431488,Surgery,5,76,1,0.06,1
408,19,Female,304,113117,Therapy,5,88,1,0.8,1
409,71,Female,276,281815,Consultation,1,252,0,0.15,0
410,52,Female,869,294192,Consultation,3,343,1,0.63,0
411,33,Male,963,474490,Emergency,1,193,0,0.34,1
412,78,Male,684,293107,Emergency,3,175,0,0.13,0
413,58,Male,929,48954,Surgery,5,32,0,0.41,1
414,53,Male,201,470525,Consultation,2,57,0,0.01,1
415,50,Female,445,238192,Surgery,0,200,0,0.84,1
416,21,Male,905,362574,Therapy,2,27,1,0.51,1
417,50,Male,324,5717,Emergency,0,34,0,0.14,0
418,31,Female,35,278820,Surgery,5,124,1,0.24,1
419,38,Female,977,402650,Surgery,2,320,1,0.45,1
420,65,Female,482,185882,Emergency,2,41,0,0.19,0
421,37,Male,728,123696,Consultation,1,84,1,0.27,0
422,73,Male,480,492852,Surgery,4,187,1,0.53,1
423,25,Male,65,397974,Emergency,5,110,0,0.83,1
424,24,Female,8,9994,Consultation,3,270,1,0.4,1
425,20,Female,301,271378,Therapy,5,324,0,0.72,1
426,34,Male,343,74300,Emergency,3,104,0,0.88,1
427,50,Female,431,311093,Surgery,3,319,0,0.22,1
428,65,Female,424,42405,Therapy,0,40,1,0.81,1
429,29,Female,332,302016,Consultation,3,214,1,0.76,1
430,76,Male,438,309359,Consultation,3,70,1,0.36,1
431,68,Female,588,28185,Emergency,1,55,1,0.99,1
432,39,Female,174,179514,Emergency,2,235,0,0.26,0
433,72,Male,559,449975,Emergency,5,280,0,0.25,1
434,39,Male,527,308297,Consultation,5,104,1,0.77,1
435,63,Female,873,344679,Therapy,3,161,0,0.43,1
436,47,Female,659,138653,Consultation,4,190,1,0.33,1
437,55,Male,26,56717,Surgery,5,8,0,0.18,1
438,55,Male,820,7763,Consultation,3,59,0,0.77,1
439,62,Female,605,360054,Surgery,0,304,0,0.79,1
440,68,Female,406,60480,Therapy,0,224,0,0.57,0
441,71,Female,232,174831,Emergency,0,306,0,0.96,1
442,25,Female,533,212139,Emergency,3,187,1,0.32,0
443,44,Male,819,123094,Consultation,1,69,1,0.22,0
444,44,Female,550,161379,Emergency,4,292,0,0.68,1
445,51,Female,788,232443,Therapy,3,286,1,0.76,1
446,38,Male,505,16064,Emergency,1,168,0,0.22,0
447,47,Female,669,81848,Consultation,1,61,0,0.08,0
448,50,Male,179,42548,Therapy,5,348,0,0.81,1
449,45,Female,132,173017,Surgery,3,13,0,0.98,1
450,64,Female,823,446153,Consultation,3,163,1,0.64,1
451,50,Male,455,273620,Surgery,1,244,0,0.28,0
452,22,Male,348,449972,Therapy,1,334,1,1.0,1
453,77,Female,540,357245,Consultation,1,7,0,0.89,1
454,78,Female,772,7382,Consultation,5,153,0,0.51,1
455,65,Female,406,447899,Therapy,3,35,1,0.83,1
456,36,Male,76,486215,Emergency,1,47,0,0.82,1
457,21,Female,941,181348,Consultation,0,84,0,0.93,1
458,52,Male,579,431618,Consultation,3,27,1,0.84,1
459,66,Male,854,490097,Surgery,5,195,1,0.64,1
460,34,Female,492,425162,Emergency,0,207,1,0.61,1
461,61,Male,194,84698,Surgery,2,203,0,0.47,0
462,45,Female,984,250762,Surgery,3,306,0,0.63,0
463,47,Female,162,248381,Emergency,2,103,1,0.8,1
464,46,Female,347,472149,Emergency,1,229,1,0.97,1
465,63,Female,951,420551,Therapy,5,100,0,0.47,1
466,70,Female,361,50095,Emergency,1,28,0,0.57,0
467,23,Male,769,478146,Consultation,5,126,1,0.44,1
468,52,Male,584,397118,Emergency,4,337,1,0.67,1
469,77,Female,87,294341,Therapy,1,9,1,0.63,0
470,58,Female,934,394763,Therapy,2,105,1,0.02,1
471,54,Male,262,27010,Therapy,5,166,0,0.54,1
472,41,Male,214,422339,Emergency,1,256,0,0.09,1
473,46,Male,665,355067,Emergency,3,294,0,0.03,1
474,66,Male,722,138962,Surgery,5,276,0,0.79,1
475,63,Female,913,491521,Surgery,5,64,1,0.26,1
476,70,Female,573,397670,Consultation,1,270,0,0.34,1
477,48,Male,780,114162,Surgery,4,187,1,0.06,1
478,52,Female,262,388071,Consultation,1,316,0,0.18,1
479,77,Male,730,275170,Therapy,2,137,0,0.77,1
480,50,Female,283,332069,Surgery,2,342,0,0.49,1
481,69,Male,648,73842,Emergency,5,104,1,0.88,1
482,78,Female,467,300809,Surgery,5,33,0,0.4,1
483,38,Male,380,276421,Consultation,1,109,1,0.27,0
484,49,Male,362,178311,Surgery,2,32,1,0.35,0
485,40,Female,449,445880,Therapy,2,353,0,0.71,1
486,50,Male,441,315152,Emergency,4,230,1,0.56,1
487,20,Female,93,281827,Consultation,3,316,0,0.9,1
488,35,Female,621,136742,Emergency,4,265,1,0.6,1
489,42,Male,753,225283,Emergency,0,181,0,0.49,0
490,59,Female,867,153961,Consultation,4,339,1,0.79,1
491,48,Female,424,453828,Emergency,1,64,1,0.95,1
492,71,Female,142,180607,Emergency,3,332,0,0.36,0
493,75,Female,291,345686,Surgery,1,0,0,0.25,1
494,20,Female,432,321463,Emergency,0,132,0,0.62,1
495,57,Male,749,250144,Emergency,3,79,0,0.5,0
496,63,Female,852,359211,Emergency,5,270,1,0.99,1
497,41,Female,824,157711,Emergency,2,240,1,0.46,0
498,67,Female,689,200784,Consultation,4,27,1,0.07,1
499,49,Female,653,414849,Therapy,1,222,1,0.98,1
500,64,Female,701,257217,Surgery,0,22,0,0.84,1
501,39,Male,998,432876,Emergency,2,108,1,0.18,1
502,40,Female,49,336119,Emergency,4,106,0,0.9,1
503,19,Male,302,168244,Consultation,2,144,1,0.34,0
504,44,Male,881,457413,Therapy,4,353,0,0.38,1
505,59,Male,190,106158,Emergency,5,138,0,0.91,1
506,19,Male,136,457063,Consultation,3,283,0,0.53,1
507,43,Female,555,278721,Surgery,2,297,0,0.14,0
508,34,Male,404,344443,Surgery,2,98,0,0.37,1
509,57,Male,892,287320,Emergency,2,316,1,0.72,1
510,50,Female,865,442602,Emergency,3,122,0,0.17,1
511,26,Female,602,68972,Therapy,0,319,1,0.59,0
512,60,Female,807,387162,Therapy,4,286,1,0.7,1
513,71,Male,341,488007,Emergency,5,80,0,0.34,1
514,65,Female,757,439219,Consultation,2,9,1,0.69,1
515,56,Female,945,287140,Therapy,3,7,1,0.88,1
516,46,Male,704,105922,Emergency,0,204,1,0.47,0
517,59,Female,318,353742,Therapy,4,314,0,0.38,1
518,72,Female,618,40931,Emergency,3,196,0,0.25,0
519,43,Female,363,129168,Surgery,5,197,0,0.6,1
520,52,Female,822,171782,Emergency,5,29,0,0.88,1
521,67,Male,382,128099,Surgery,4,19,1,0.32,1
522,42,Female,233,39693,Therapy,2,47,1,0.4,0
523,41,Female,777,433956,Emergency,5,129,1,0.41,1
524,30,Male,344,475457,Therapy,0,292,1,0.56,1
525,77,Female,549,113944,Surgery,3,131,1,0.23,0
526,75,Male,817,229655,Emergency,0,355,1,0.82,1
527,24,Female,553,212574,Therapy,2,53,0,0.3,0
528,74,Male,529,284518,Surgery,0,280,1,0.71,1
529,53,Male,856,474890,Therapy,0,264,1,0.51,1
530,62,Male,789,252572,Consultation,1,214,1,0.59,0
531,37,Male,819,348615,Surgery,0,289,0,0.18,1
532,18,Female,571,50913,Surgery,4,42,1,0.74,1
533,25,Male,935,390827,Surgery,3,73,1,0.19,1
534,63,Female,183,202097,Emergency,1,349,0,0.11,0
535,33,Male,41,311660,Emergency,3,277,1,0.55,1
536,31,Male,551,92796,Emergency,3,325,0,0.71,1
537,29,Male,397,293213,Consultation,2,241,0,0.05,0
538,68,Female,704,385477,Consultation,2,129,1,0.07,1
539,40,Male,779,454449,Surgery,1,349,1,0.8,1
540,32,Female,494,89811,Consultation,5,193,0,0.81,1
541,45,Female,659,195121,Therapy,2,31,1,0.25,0
542,51,Female,907,237892,Surgery,2,105,1,0.62,0
543,19,Female,333,385172,Surgery,2,203,0,0.44,1
544,49,Female,127,44178,Therapy,3,0,0,0.63,0
545,40,Female,558,299965,Surgery,1,244,1,0.86,1
546,39,Female,557,449943,Consultation,3,71,0,0.08,1
547,68,Female,1,459151,Emergency,4,305,1,0.78,1
548,42,Female,168,21999,Therapy,3,14,1,0.49,0
549,75,Male,620,460738,Consultation,4,52,1,0.56,1
550,79,Male,19,305856,Therapy,0,7,1,0.65,1
551,78,Male,332,200623,Therapy,0,329,0,0.92,1
552,39,Male,584,176244,Surgery,4,45,1,0.06,1
553,75,Male,456,300866,Surgery,4,324,0,0.03,1
554,75,Female,957,277769,Consultation,3,113,1,0.18,0
555,39,Female,109,203237,Therapy,4,146,1,0.99,1
556,66,Female,268,474725,Surgery,1,165,0,0.72,1
557,69,Female,445,11859,Surgery,0,138,1,0.61,0
558,59,Female,240,439825,Therapy,0,116,0,0.05,1
559,23,Female,929,441523,Consultation,5,298,0,0.88,1
560,32,Female,301,115986,Consultation,4,275,1,0.81,1
561,71,Male,602,237654,Therapy,2,276,1,0.66,0
562,60,Male,103,288983,Consultation,2,337,1,0.34,0
563,77,Male,988,294360,Surgery,4,312,1,0.07,1
564,54,Male,250,320097,Therapy,1,177,0,0.58,1
565,50,Female,453,482697,Surgery,2,329,1,0.72,1
566,25,Female,520,458809,Emergency,5,353,1,0.09,1
567,70,Female,153,470291,Emergency,4,153,1,0.63,1
568,77,Male,859,54522,Consultation,1,200,1,0.29,0
569,61,Female,174,235233,Emergency,1,114,1,0.76,1
570,61,Female,343,403102,Surgery,3,158,0,0.54,1
571,22,Female,670,378393,Emergency,1,41,1,0.13,1
572,56,Male,431,12485,Surgery,2,246,0,0.53,0
573,21,Female,727,429671,Consultation,2,67,1,0.4,1
574,23,Male,689,248056,Consultation,4,325,1,0.18,1
575,62,Male,687,414983,Surgery,4,333,1,0.84,1
576,49,Male,852,117701,Emergency,1,195,0,0.01,0
577,69,Male,850,426669,Consultation,5,89,1,0.31,1
578,47,Female,658,212352,Therapy,0,110,0,0.01,0
579,64,Male,962,107638,Consultation,3,358,0,0.1,0
580,52,Male,324,189514,Emergency,0,144,1,0.3,0
581,72,Female,990,450093,Therapy,1,274,0,0.05,1
582,57,Female,673,279370,Emergency,1,178,1,0.6,0
583,69,Male,639,98405,Surgery,0,240,1,0.09,0
584,33,Female,420,289732,Therapy,3,325,0,0.7,0
585,30,Male,594,215048,Emergency,0,318,1,0.05,0
586,67,Male,485,167781,Therapy,4,330,1,0.06,1
587,77,Male,659,446004,Emergency,2,152,0,0.31,1
588,59,Male,751,486247,Therapy,5,103,0,0.9,1
589,47,Female,412,42019,Emergency,4,74,0,0.64,1
590,36,Male,936,443164,Surgery,2,127,0,0.77,1
591,34,Female,84,266497,Therapy,5,198,0,0.14,1
592,73,Female,113,70133,Therapy,5,153,0,0.83,1
593,36,Female,737,381588,Therapy,5,55,1,0.01,1
594,45,Female,332,202530,Therapy,1,277,0,0.21,0
595,75,Male,378,384747,Surgery,5,344,0,0.62,1
596,72,Female,755,163598,Therapy,3,18,1,0.38,0
597,43,Male,655,471709,Consultation,0,158,1,0.98,1
598,54,Female,41,133585,Surgery,3,25,0,0.03,0
599,43,Female,935,450414,Consultation,0,168,0,1.0,1
600,70,Male,770,250172,Therapy,4,22,1,0.62,1
601,79,Male,959,497750,Emergency,4,46,0,0.56,1
602,40,Male,797,310539,Consultation,0,12,0,0.06,1
603,26,Female,105,422247,Therapy,3,216,1,0.27,1
604,29,Female,202,473758,Consultation,0,321,0,0.92,1
605,70,Male,450,130814,Therapy,5,193,1,0.35,1
606,18,Male,819,435917,Therapy,1,143,0,0.66,1
607,75,Male,843,379743,Therapy,4,72,1,1.0,1
608,75,Male,973,30939,Emergency,1,155,1,0.26,0
609,18,Female,266,447361,Consultation,5,76,1,0.58,1
610,64,Male,910,418540,Surgery,5,168,0,0.7,1
611,51,Male,210,158939,Surgery,4,286,1,0.16,1
612,49,Male,563,267347,Surgery,4,84,0,0.15,1
613,79,Male,118,414760,Surgery,5,181,1,0.46,1
614,71,Female,713,414115,Therapy,2,314,1,0.39,1
615,65,Male,377,296207,Consultation,1,296,1,0.71,1
616,42,Female,551,95880,Consultation,1,111,0,0.07,0
617,57,Male,540,8748,Emergency,2,229,0,0.97,1
618,62,Male,771,241094,Consultation,3,95,1,0.01,0
619,70,Female,84,384413,Consultation,1,167,0,0.6,1
620,18,Male,454,464845,Consultation,0,155,0,0.56,1
621,33,Female,667,347908,Emergency,5,104,0,0.13,1
622,78,Female,629,156956,Surgery,5,192,1,0.15,1
623,56,Male,514,161255,Consultation,2,329,0,0.79,1
624,22,Female,605,479786,Emergency,1,131,1,0.89,1
625,39,Female,678,469462,Emergency,3,354,1,0.28,1
626,46,Female,387,375180,Therapy,1,137,1,0.44,1
627,72,Female,912,155331,Emergency,5,330,0,0.35,1
628,20,Female,350,172031,Surgery,4,269,1,0.07,1
629,29,Female,296,383669,Consultation,0,37,0,0.67,1
630,43,Female,258,431673,Emergency,2,44,0,0.83,1
631,33,Female,81,352823,Surgery,4,162,1,0.3,1
632,68,Male,937,130829,Emergency,3,330,1,0.99,1
633,54,Male,268,133216,Emergency,4,252,1,0.08,1
634,39,Female,419,400319,Emergency,4,168,0,0.66,1
635,74,Male,235,70901,Emergency,3,284,0,0.45,0
636,46,Female,833,248386,Emergency,4,273,1,0.45,1
637,31,Female,311,180607,Surgery,2,19,1,0.46,0
638,45,Male,813,414319,Consultation,5,238,0,0.26,1
639,22,Female,975,103046,Consultation,1,269,0,0.72,1
640,64,Female,986,357156,Consultation,4,309,1,0.72,1
641,66,Female,357,83278,Consultation,2,30,0,0.28,0
642,47,Female,213,279535,Surgery,1,313,0,0.84,1
643,63,Male,574,107476,Therapy,1,103,0,0.32,0
644,79,Female,49,427117,Therapy,4,169,0,0.73,1
645,69,Female,127,387865,Surgery,2,185,0,0.12,1
646,22,Female,223,102537,Surgery,5,127,0,0.17,1
647,29,Male,921,348303,Emergency,4,209,1,0.32,1
648,33,Female,279,466130,Emergency,3,280,0,0.59,1
649,43,Male,408,398184,Emergency,1,252,1,0.65,1
650,43,Male,505,186429,Consultation,4,18,1,0.4,1
651,65,Female,294,222980,Emergency,1,199,0,0.08,0
652,38,Female,796,436653,Therapy,2,219,1,0.37,1
653,56,Male,277,302647,Consultation,0,135,1,0.69,1
654,53,Female,438,494498,Emergency,4,222,1,0.67,1
655,50,Male,107,491675,Consultation,5,2,0,0.16,1
656,79,Male,658,80403,Therapy,4,235,1,0.01,1
657,47,Female,420,439474,Emergency,1,341,0,0.75,1
658,54,Female,611,431940,Therapy,2,227,1,0.11,1
659,40,Male,429,69286,Therapy,3,141,1,0.08,0
660,75,Male,375,341986,Therapy,5,8,1,0.0,1
661,27,Male,73,109927,Emergency,2,189,1,0.43,0
662,71,Male,949,282052,Surgery,4,349,0,0.5,1
663,22,Female,998,490833,Emergency,3,164,1,0.64,1
664,53,Female,634,448842,Therapy,2,138,1,0.3,1
665,51,Female,30,304372,Emergency,0,275,0,0.71,1
666,69,Female,188,28386,Therapy,5,290,0,0.17,1
667,48,Female,364,182826,Surgery,1,52,0,0.83,1
668,27,Male,866,295446,Consultation,2,174,1,0.57,0
669,75,Female,800,327959,Surgery,2,109,0,0.58,1
670,36,Female,451,257156,Surgery,0,202,0,0.21,0
671,75,Female,195,482964,Consultation,4,135,0,0.07,1
672,49,Female,156,330488,Emergency,5,3,0,0.46,1
673,18,Female,172,433834,Consultation,5,154,0,0.62,1
674,73,Male,847,378747,Emergency,1,171,0,0.1,1
675,22,Male,41,474450,Emergency,2,357,1,0.95,1
676,62,Male,63,328258,Therapy,3,46,0,0.98,1
677,21,Female,23,253724,Therapy,2,93,1,0.55,0
678,33,Male,360,206202,Consultation,1,47,0,0.95,1
679,41,Male,75,30525,Surgery,2,239,0,0.18,0
680,33,Female,560,84818,Consultation,0,346,0,0.03,0
681,72,Female,672,119589,Emergency,2,212,1,0.04,0
682,19,Female,825,150406,Therapy,2,339,0,0.59,0
683,66,Male,118,99715,Consultation,3,323,0,0.06,0
684,45,Male,612,198839,Consultation,0,138,0,0.96,1
685,49,Female,380,273788,Therapy,0,204,0,0.14,0
686,44,Female,929,368298,Therapy,2,72,1,0.3,1
687,37,Male,920,431149,Therapy,5,3,1,0.82,1
688,41,Male,679,262438,Emergency,3,75,1,0.22,0
689,29,Female,290,310613,Therapy,2,328,1,0.24,1
690,67,Female,440,431903,Surgery,2,76,1,0.64,1
691,52,Male,668,373753,Consultation,1,303,0,0.28,1
692,77,Female,933,450872,Therapy,1,255,0,0.22,1
693,50,Male,7,415591,Therapy,5,101,0,0.25,1
694,50,Male,196,332350,Emergency,3,105,1,0.49,1
695,78,Male,421,363606,Emergency,4,332,0,0.97,1
696,68,Male,568,172679,Consultation,1,38,1,0.83,1
697,60,Female,833,88178,Surgery,4,313,0,0.28,1
698,54,Female,193,422209,Consultation,0,274,1,0.36,1
699,29,Male,559,180458,Therapy,1,87,0,0.46,0
700,20,Male,148,259466,Surgery,1,210,0,0.98,1
701,18,Male,787,444503,Surgery,3,76,0,0.17,1
702,50,Male,669,91724,Surgery,5,76,0,0.36,1
703,57,Male,202,234204,Surgery,4,27,1,0.73,1
704,27,Female,444,491524,Consultation,1,244,0,0.96,1
705,60,Female,914,101393,Emergency,1,65,0,0.16,0
706,61,Female,988,394458,Emergency,3,265,0,0.23,1
707,46,Female,419,81312,Therapy,3,204,1,0.23,0
708,30,Male,427,496587,Emergency,5,57,0,0.02,1
709,29,Male,479,342468,Emergency,4,200,0,0.6,1
710,48,Male,475,76196,Emergency,0,224,0,0.67,0
711,63,Male,126,75014,Emergency,5,141,0,0.6,1
712,19,Male,395,406426,Therapy,0,83,0,0.07,1
713,78,Female,817,146994,Consultation,2,142,1,0.07,0
714,68,Male,881,434505,Surgery,1,351,1,0.21,1
715,67,Female,806,38340,Emergency,4,32,1,0.29,1
716,52,Female,576,306994,Consultation,5,151,0,0.79,1
717,40,Female,325,455200,Emergency,1,157,1,0.16,1
718,34,Female,392,118711,Emergency,4,140,0,0.04,1
719,43,Male,930,220250,Surgery,4,250,0,0.39,1
720,25,Female,688,16094,Surgery,4,302,0,0.42,1
721,46,Female,628,355103,Surgery,1,111,0,0.45,1
722,43,Female,440,431634,Emergency,5,143,1,0.83,1
723,27,Male,204,272885,Emergency,3,208,1,0.1,0
724,43,Male,486,116585,Emergency,1,223,1,0.7,0
725,79,Male,833,470590,Surgery,4,42,0,0.34,1
726,51,Female,31,389708,Therapy,5,263,1,0.31,1
727,68,Female,388,73798,Consultation,2,243,1,0.93,1
728,58,Male,625,383170,Therapy,0,2,0,0.25,1
729,24,Female,877,206604,Emergency,4,124,1,0.64,1
730,21,Male,434,115130,Emergency,2,267,0,0.28,0
731,75,Male,837,289308,Therapy,3,83,1,0.51,0
732,70,Female,926,171667,Emergency,4,15,1,0.79,1
733,67,Female,376,35257,Consultation,2,333,1,0.88,1
734,62,Female,344,412427,Emergency,4,58,0,0.84,1
735,28,Female,443,363133,Consultation,1,176,1,0.58,1
736,46,Male,579,403448,Therapy,5,62,1,0.25,1
737,73,Male,75,465969,Therapy,2,48,1,0.66,1
738,53,Male,557,57691,Emergency,5,306,1,0.71,1
739,42,Male,772,487981,Consultation,1,245,0,0.01,1
740,38,Male,666,84768,Emergency,1,288,0,0.44,0
741,78,Female,155,423829,Surgery,5,285,1,0.84,1
742,74,Male,430,19026,Surgery,2,331,1,0.49,0
743,53,Male,363,451751,Surgery,5,14,1,0.31,1
744,27,Male,448,230162,Surgery,5,337,0,0.87,1
745,54,Female,987,298052,Emergency,0,254,1,0.16,0
746,26,Female,234,450329,Surgery,2,91,1,0.21,1
747,41,Female,563,24610,Consultation,0,278,0,0.69,0
748,52,Female,818,182718,Therapy,4,205,0,0.35,1
749,66,Male,262,330329,Therapy,5,93,0,0.71,1
750,52,Male,827,339711,Surgery,4,224,1,0.16,1
751,65,Female,125,183646,Surgery,2,300,0,0.25,0
752,53,Female,911,227123,Surgery,5,317,0,0.16,1
753,35,Male,245,303326,Emergency,4,198,1,0.95,1
754,66,Male,542,383280,Therapy,3,270,0,0.41,1
755,56,Female,938,398786,Surgery,1,233,1,0.34,1
756,49,Female,485,496006,Consultation,5,45,1,0.01,1
757,41,Female,122,24288,Surgery,1,63,0,0.15,0
758,40,Female,125,345968,Therapy,0,229,1,0.42,1
759,79,Male,549,428093,Surgery,4,248,0,0.07,1
760,49,Male,170,89425,Therapy,0,245,0,0.51,0
761,54,Male,124,5917,Surgery,5,74,0,0.46,1
762,29,Female,869,342746,Consultation,1,156,1,0.77,1
763,66,Female,35,493256,Surgery,1,222,0,0.66,1
764,72,Male,87,331719,Consultation,4,189,1,0.45,1
765,30,Male,646,339662,Consultation,5,51,1,0.22,1
766,40,Male,708,258187,Surgery,3,87,1,0.73,1
767,42,Male,786,44104,Consultation,3,312,0,0.71,1
768,52,Female,201,154134,Emergency,4,338,1,0.15,1
769,58,Male,369,284143,Surgery,5,65,1,0.91,1
770,47,Male,797,267091,Surgery,4,149,0,0.06,1
771,34,Male,77,460061,Consultation,5,19,0,0.06,1
772,66,Male,59,408157,Consultation,0,32,1,0.19,1
773,79,Male,431,66169,Surgery,4,327,1,0.91,1
774,37,Male,638,159542,Emergency,5,280,0,0.52,1
775,65,Male,500,134744,Consultation,3,45,1,0.79,1
776,42,Female,913,377828,Consultation,5,72,1,0.23,1
777,39,Female,109,64821,Therapy,5,353,1,0.49,1
778,30,Female,736,222741,Emergency,4,312,1,0.36,1
779,76,Female,278,254265,Emergency,0,342,0,0.83,1
780,36,Male,68,442651,Surgery,0,132,1,0.02,1
781,66,Female,69,402745,Emergency,0,54,0,0.24,1
782,53,Female,165,219127,Surgery,0,60,1,0.15,0
783,29,Male,489,279336,Therapy,2,344,0,0.86,1
784,78,Male,305,341246,Emergency,4,7,1,0.47,1
785,58,Female,909,208834,Consultation,1,271,0,0.4,0
786,36,Female,674,239538,Therapy,4,245,1,0.45,1
787,29,Male,365,382038,Surgery,2,175,0,0.97,1
788,26,Female,854,91795,Therapy,0,115,1,0.85,1
789,24,Male,821,170159,Surgery,2,316,1,0.71,1
790,45,Male,379,333821,Therapy,3,270,0,0.29,1
791,31,Male,343,140699,Surgery,3,192,0,0.17,0
792,48,Male,947,454757,Emergency,4,149,0,0.92,1
793,69,Female,899,248877,Consultation,4,130,0,0.42,1
794,36,Male,554,204298,Surgery,1,101,0,0.28,0
795,75,Male,354,401471,Therapy,1,309,1,0.47,1
796,64,Female,416,193505,Surgery,3,269,0,0.92,1
797,33,Male,109,141285,Surgery,0,291,0,0.39,0
798,70,Female,563,107412,Surgery,2,209,1,0.56,0
799,22,Female,762,24404,Therapy,1,360,0,0.8,1
800,52,Female,497,121545,Consultation,5,337,0,0.43,1
801,29,Male,341,423596,Emergency,1,66,0,0.23,1
802,42,Female,942,227128,Consultation,0,9,1,0.99,1
803,69,Female,383,155245,Surgery,0,48,0,0.96,1
804,76,Male,533,189099,Therapy,4,110,1,0.84,1
805,38,Female,300,291133,Consultation,2,320,1,0.69,0
806,53,Female,139,266657,Surgery,0,218,0,0.29,0
807,70,Female,359,375250,Emergency,1,56,1,0.91,1
808,40,Female,836,291663,Emergency,1,282,0,0.28,0
809,33,Female,499,261875,Emergency,3,112,0,0.8,1
810,74,Male,385,289583,Surgery,0,132,0,0.92,1
811,56,Female,604,385714,Therapy,5,70,0,0.6,1
812,62,Female,959,475165,Consultation,4,82,0,0.8,1
813,70,Male,280,19995,Emergency,2,56,1,0.79,1
814,59,Male,637,28559,Surgery,5,348,1,0.19,1
815,75,Male,483,356193,Surgery,4,270,1,0.67,1
816,56,Female,909,403237,Consultation,1,110,1,0.09,1
817,31,Male,111,103000,Emergency,5,356,0,0.51,1
818,48,Female,866,157191,Surgery,4,75,0,0.16,1
819,75,Female,139,449755,Consultation,1,157,1,0.42,1
820,22,Male,996,493051,Therapy,1,19,0,0.83,1
821,52,Male,435,306494,Therapy,1,130,1,0.99,1
822,40,Female,509,444439,Therapy,1,328,1,0.32,1
823,46,Male,273,30517,Emergency,1,121,1,0.53,0
824,60,Female,99,476869,Consultation,3,40,1,0.51,1
825,28,Male,764,420466,Consultation,5,166,0,0.95,1
826,35,Male,850,220558,Surgery,4,129,0,0.48,1
827,64,Male,104,481111,Surgery,3,22,1,0.7,1
828,29,Female,214,356276,Surgery,3,278,1,0.92,1
829,26,Male,761,489282,Consultation,0,250,1,0.37,1
830,27,Female,664,465014,Surgery,0,8,1,0.9,1
831,75,Female,762,452415,Consultation,0,12,1,0.92,1
832,61,Female,787,326690,Consultation,2,306,0,0.93,1
833,34,Female,165,110686,Therapy,0,319,1,0.27,0
834,78,Male,999,93151,Surgery,4,51,1,0.4,1
835,55,Female,853,270471,Therapy,3,208,0,0.87,1
836,24,Female,520,125318,Emergency,4,37,0,0.36,1
837,63,Male,284,427984,Emergency,5,99,0,0.6,1
838,30,Female,517,200490,Emergency,0,192,0,0.12,0
839,57,Male,657,492602,Consultation,2,190,0,0.06,1
840,59,Female,613,178860,Consultation,5,50,0,0.41,1
841,26,Male,164,120945,Consultation,2,140,0,0.58,0
842,67,Female,886,218456,Surgery,5,167,0,0.39,1
843,44,Male,659,313974,Therapy,3,310,0,0.58,1
844,75,Female,64,57446,Consultation,4,108,1,0.52,1
845,19,Female,91,413376,Therapy,1,206,0,0.69,1
846,22,Male,117,192655,Therapy,4,299,1,0.65,1
847,46,Male,866,432214,Therapy,0,109,1,0.42,1
848,54,Male,267,425446,Surgery,1,195,1,0.42,1
849,55,Male,822,145148,Surgery,2,151,1,0.14,0
850,36,Female,685,74341,Emergency,3,242,1,0.51,0
851,25,Female,559,36085,Emergency,3,127,1,0.59,0
852,65,Male,140,322715,Therapy,2,104,1,0.48,1
853,62,Female,246,412931,Emergency,0,9,1,0.33,1
854,18,Male,661,395452,Therapy,2,355,0,0.72,1
855,39,Male,758,10750,Surgery,5,147,1,0.07,1
856,69,Female,395,381075,Surgery,0,364,1,0.91,1
857,34,Female,487,345912,Surgery,1,363,1,0.02,1
858,24,Female,476,40903,Consultation,2,139,1,0.96,1
859,42,Female,517,208561,Therapy,0,189,0,0.46,0
860,62,Female,977,430309,Surgery,1,93,1,0.41,1
861,21,Female,184,96036,Therapy,2,228,0,0.26,0
862,53,Female,20,92954,Emergency,3,62,0,0.01,0
863,23,Male,937,432530,Emergency,2,339,1,0.27,1
864,77,Male,558,446441,Surgery,4,24,1,0.11,1
865,48,Male,524,486201,Therapy,2,267,0,0.66,1
866,36,Male,582,350158,Surgery,4,280,1,0.32,1
867,78,Male,529,433395,Emergency,1,10,1,0.77,1
868,61,Female,883,122305,Surgery,2,319,0,0.21,0
869,71,Male,147,423554,Therapy,1,200,0,0.9,1
870,56,Male,666,490651,Emergency,1,125,1,0.52,1
871,44,Male,304,205753,Consultation,0,305,1,0.11,0
872,27,Male,620,37101,Emergency,1,189,1,0.4,0
873,43,Male,748,7775,Consultation,1,88,0,0.21,0
874,36,Male,820,116497,Surgery,2,354,1,0.2,0
875,56,Male,864,495399,Surgery,2,115,0,0.51,1
876,79,Female,582,50619,Therapy,3,351,0,0.67,0
877,20,Female,695,444054,Consultation,0,176,1,0.91,1
878,62,Male,762,257388,Surgery,1,13,0,0.5,0
879,30,Female,228,417755,Consultation,0,256,1,0.97,1
880,67,Female,102,238346,Surgery,4,208,1,0.94,1
881,45,Female,587,324268,Emergency,1,280,0,0.87,1
882,79,Female,417,70149,Surgery,0,327,1,0.5,0
883,75,Male,958,31616,Therapy,3,324,0,0.14,0
884,37,Female,216,477871,Emergency,3,104,0,0.22,1
885,45,Female,407,226767,Therapy,1,146,1,0.65,0
886,25,Female,399,190639,Emergency,4,278,1,0.42,1
887,78,Male,923,173171,Consultation,3,8,1,0.15,0
888,58,Male,715,211903,Therapy,3,117,1,0.48,0
889,56,Male,704,236318,Surgery,4,93,0,0.02,1
890,18,Male,761,328943,Consultation,0,143,0,0.73,1
891,20,Male,499,357365,Surgery,3,288,0,0.07,1
892,30,Male,754,382023,Emergency,2,13,1,0.63,1
893,45,Male,465,292623,Emergency,5,256,0,0.79,1
894,79,Female,691,444388,Surgery,5,345,0,0.13,1
895,74,Female,949,366309,Surgery,3,185,1,0.52,1
896,77,Female,974,60863,Consultation,0,344,1,0.78,1
897,66,Male,731,178115,Surgery,0,206,1,0.26,0
898,42,Male,82,349713,Therapy,1,345,0,0.16,1
899,73,Male,604,413624,Therapy,2,171,1,0.34,1
900,50,Male,947,258347,Surgery,0,269,0,0.55,0
901,55,Male,687,194052,Therapy,4,220,0,0.58,1
902,70,Female,751,481172,Surgery,2,151,0,0.13,1
903,23,Female,772,283495,Consultation,5,110,0,0.46,1
904,75,Male,903,140203,Therapy,2,182,0,0.27,0
905,61,Male,365,252908,Therapy,4,338,1,0.84,1
906,62,Male,163,311969,Surgery,3,71,0,0.31,1
907,49,Male,48,278493,Therapy,4,282,1,0.84,1
908,62,Female,511,197003,Emergency,4,73,0,0.43,1
909,78,Male,329,311398,Consultation,3,354,0,0.73,1
910,64,Male,840,305369,Consultation,3,214,1,0.51,1
911,38,Male,116,279597,Therapy,3,327,0,0.62,0
912,33,Male,941,154886,Therapy,3,22,0,0.4,0
913,71,Female,849,154335,Emergency,3,67,1,0.77,1
914,38,Male,337,82694,Emergency,4,361,1,0.43,1
915,28,Male,881,20735,Therapy,1,92,0,0.46,0
916,77,Female,737,414046,Therapy,1,320,0,0.52,1
917,54,Female,864,315037,Emergency,0,323,0,0.83,1
918,53,Female,840,180745,Surgery,1,62,1,0.66,0
919,52,Male,147,394150,Emergency,5,223,0,0.35,1
920,36,Male,575,225534,Surgery,1,224,1,0.67,0
921,37,Female,806,50066,Consultation,4,345,1,0.64,1
922,74,Female,323,236387,Consultation,3,336,0,0.93,1
923,35,Female,443,139445,Emergency,3,102,1,0.84,1
924,64,Female,837,408551,Surgery,4,214,0,0.65,1
925,58,Female,13,421957,Emergency,5,191,0,0.34,1
926,66,Female,943,277836,Emergency,1,159,1,0.78,1
927,31,Male,494,445511,Surgery,4,206,1,0.58,1
928,32,Male,701,50541,Emergency,0,268,1,0.99,1
929,48,Male,287,170129,Consultation,3,193,1,0.25,0
930,18,Female,720,71983,Therapy,2,151,1,0.08,0
931,70,Female,114,155655,Therapy,0,236,1,0.07,0
932,71,Female,480,158837,Emergency,5,87,0,0.64,1
933,71,Female,22,195359,Surgery,0,10,0,0.94,1
934,20,Female,349,422122,Surgery,4,186,0,0.0,1
935,33,Female,726,387891,Consultation,1,213,1,0.73,1
936,40,Male,683,352247,Surgery,3,14,1,0.66,1
937,74,Male,835,215747,Surgery,5,265,1,0.73,1
938,28,Female,566,182597,Consultation,5,296,0,0.36,1
939,29,Male,906,174302,Emergency,2,72,0,0.82,1
940,27,Female,810,417736,Therapy,0,51,1,0.04,1
941,49,Male,320,483454,Consultation,2,127,1,0.76,1
942,33,Female,126,450150,Emergency,1,27,1,0.27,1
943,25,Female,277,292710,Consultation,1,64,1,0.48,0
944,55,Male,976,340337,Emergency,2,16,0,0.82,1
945,29,Male,204,428350,Consultation,3,350,0,0.27,1
946,41,Female,194,408561,Emergency,1,137,0,0.19,1
947,45,Female,681,257084,Consultation,2,318,1,0.68,0
948,70,Male,664,126015,Emergency,0,228,0,0.53,0
949,25,Male,547,177257,Consultation,2,253,1,0.51,0
950,75,Female,696,251536,Therapy,2,209,1,0.26,0
951,45,Male,286,229021,Therapy,4,293,1,0.03,1
952,53,Female,57,135956,Surgery,1,230,0,0.41,0
953,43,Female,734,75744,Emergency,3,240,0,0.11,0
954,25,Female,303,300599,Consultation,3,69,1,0.91,1
955,75,Female,163,426234,Emergency,4,103,0,0.04,1
956,77,Male,19,321363,Therapy,5,203,1,0.43,1
957,67,Male,370,313135,Emergency,3,52,1,0.05,1
958,45,Male,264,78616,Consultation,2,329,1,0.1,0
959,45,Male,794,92438,Emergency,4,53,0,0.66,1
960,54,Male,113,121841,Consultation,0,275,0,0.65,0
961,58,Male,488,145558,Therapy,1,334,1,0.03,0
962,53,Male,327,174934,Therapy,1,30,0,0.0,0
963,44,Female,542,257734,Therapy,1,134,0,0.08,0
964,71,Male,647,63870,Surgery,2,57,0,0.76,1
965,34,Male,579,91694,Therapy,0,104,0,0.58,0
966,26,Female,65,242068,Emergency,4,265,1,0.04,1
967,50,Male,292,311000,Surgery,4,9,0,0.49,1
968,70,Male,25,106407,Therapy,1,252,1,0.71,1
969,37,Female,549,498960,Emergency,0,294,1,0.87,1
970,30,Male,1,484271,Emergency,0,155,0,0.93,1
971,45,Male,911,36379,Emergency,0,157,1,0.33,0
972,65,Male,549,331873,Consultation,3,36,1,0.14,1
973,46,Female,141,426594,Surgery,3,118,0,0.24,1
974,30,Male,744,241500,Emergency,1,66,1,0.78,1
975,63,Male,648,59353,Consultation,0,241,1,0.97,1
976,52,Female,901,186068,Therapy,5,298,0,0.47,1
977,78,Male,188,281175,Emergency,0,212,0,0.31,0
978,23,Female,128,216144,Consultation,4,307,0,0.43,1
979,35,Female,201,70982,Emergency,4,100,0,0.3,1
980,68,Male,127,41683,Surgery,1,55,0,0.26,0
981,22,Female,257,119091,Surgery,5,331,1,0.59,1
982,64,Female,676,122797,Therapy,0,323,1,0.02,0
983,42,Male,547,415834,Emergency,5,238,0,0.26,1
984,19,Female,194,11587,Consultation,1,230,0,0.66,0
985,27,Female,703,329934,Therapy,4,361,1,0.03,1
986,73,Male,104,298624,Emergency,4,91,0,0.08,1
987,47,Male,535,234602,Therapy,3,278,0,0.29,0
988,67,Male,265,156599,Consultation,1,108,1,0.88,1
989,76,Female,802,290713,Therapy,1,316,1,0.76,1
990,62,Male,942,278295,Therapy,0,167,1,0.02,0
991,22,Female,974,469310,Therapy,0,299,0,0.5,1
992,72,Female,384,195246,Emergency,3,217,1,0.27,0
993,73,Female,260,49739,Consultation,2,221,0,0.65,0
994,50,Female,414,37954,Surgery,5,160,1,0.72,1
995,71,Female,991,248935,Emergency,2,15,0,0.86,1
996,18,Female,358,114373,Surgery,2,277,0,0.48,0
997,35,Female,75,433519,Surgery,1,56,0,0.99,1
998,49,Male,355,39700,Emergency,5,61,1,0.98,1
999,64,Male,584,491252,Emergency,1,362,1,0.88,1
1000,66,Female,771,128728,Consultation,5,326,1,0.57,1
1001,28,Female,910,465784,Consultation,4,241,0,0.4,1
1002,38,Male,188,333932,Therapy,1,89,1,0.36,1
1003,43,Female,973,76045,Surgery,1,71,1,0.01,0
1004,42,Male,685,436058,Consultation,1,325,0,0.25,1
1005,39,Male,992,149972,Therapy,3,29,0,0.72,1
1006,76,Male,290,395136,Consultation,1,358,1,0.6,1
1007,44,Female,45,347203,Emergency,0,287,1,0.92,1
1008,66,Female,573,6881,Consultation,0,85,1,0.05,0
1009,30,Male,83,431253,Surgery,5,233,0,0.16,1
1010,50,Male,123,399846,Consultation,4,234,1,0.79,1
1011,51,Male,358,287933,Surgery,3,312,0,0.36,0
1012,58,Male,528,393227,Emergency,5,364,0,0.12,1
1013,52,Male,66,93059,Surgery,0,264,1,1.0,1
1014,18,Female,936,219566,Consultation,3,286,1,0.79,1
1015,38,Male,657,313295,Therapy,3,326,0,0.41,1
1016,65,Female,375,447136,Emergency,4,268,0,0.82,1
1017,72,Male,162,114388,Consultation,3,185,1,0.68,0
1018,23,Female,746,203303,Emergency,1,130,1,0.79,1
1019,45,Female,380,478573,Emergency,3,290,1,0.82,1
1020,34,Female,656,270406,Consultation,4,276,0,0.08,1
1021,22,Female,358,334125,Consultation,5,319,0,0.62,1
1022,48,Female,188,388095,Therapy,4,350,1,0.01,1
1023,22,Female,322,390243,Emergency,4,179,0,0.04,1
1024,55,Male,450,86972,Emergency,0,289,0,0.9,1
1025,20,Female,474,342629,Consultation,1,162,1,0.53,1
1026,70,Male,13,59722,Surgery,0,270,0,0.74,1
1027,40,Female,184,356643,Consultation,5,95,1,0.84,1
1028,54,Female,111,186890,Emergency,2,261,1,0.95,1
1029,70,Male,927,428148,Consultation,5,364,0,0.87,1
1030,54,Female,508,274045,Therapy,1,352,0,0.48,0
1031,27,Male,290,122473,Surgery,3,287,1,0.34,0
1032,27,Male,295,497239,Consultation,4,82,0,0.15,1
1033,36,Male,451,275741,Therapy,2,224,1,0.4,0
1034,34,Male,904,396775,Emergency,1,222,0,0.37,1
1035,38,Female,215,331053,Consultation,0,117,0,0.56,1
1036,31,Female,974,339535,Emergency,4,191,0,0.67,1
1037,26,Male,632,220286,Therapy,5,78,1,0.98,1
1038,63,Female,894,406479,Emergency,0,77,0,0.73,1
1039,18,Female,567,330437,Therapy,1,146,1,0.64,1
1040,68,Male,27,248896,Therapy,1,106,1,0.34,0
1041,62,Female,630,161877,Therapy,5,270,1,0.03,1
1042,30,Male,733,489895,Consultation,2,243,0,0.29,1
1043,21,Male,231,16874,Emergency,5,72,1,0.77,1
1044,79,Female,565,229137,Emergency,3,356,1,0.21,0
1045,18,Female,807,353546,Surgery,0,353,0,0.71,1
1046,66,Female,321,281223,Surgery,2,25,1,0.58,0
1047,57,Male,913,448066,Surgery,4,209,1,0.17,1
1048,49,Male,233,339923,Surgery,3,91,0,0.26,1
1049,51,Female,670,100408,Emergency,2,124,1,0.5,0
1050,45,Female,437,407234,Therapy,0,72,0,0.42,1
1051,48,Female,781,125606,Therapy,1,122,1,0.78,1
1052,25,Female,533,447716,Consultation,4,308,1,0.73,1
1053,56,Male,403,125062,Therapy,5,183,0,0.57,1
1054,43,Female,53,17100,Emergency,0,186,1,0.82,1
1055,75,Male,787,324165,Emergency,3,197,1,0.56,1
1056,51,Male,313,155872,Emergency,3,77,1,0.96,1
1057,71,Female,281,395270,Consultation,1,347,0,0.22,1
1058,71,Female,726,199472,Surgery,1,185,0,0.71,1
1059,20,Female,31,359590,Therapy,4,343,0,0.37,1
1060,76,Male,337,296581,Emergency,5,252,0,0.28,1
1061,67,Female,183,239196,Emergency,4,12,0,0.18,1
1062,29,Female,23,212609,Surgery,1,298,1,0.55,0
1063,18,Male,544,444891,Emergency,1,75,0,0.22,1
1064,71,Female,446,156014,Therapy,3,50,0,0.2,0
1065,61,Male,74,288006,Consultation,1,274,0,0.99,1
1066,22,Female,10,278813,Emergency,2,148,1,0.8,1
1067,47,Male,484,388363,Therapy,0,218,1,0.75,1
1068,47,Female,456,189844,Emergency,1,121,0,0.79,1
1069,76,Female,566,283060,Surgery,4,210,1,0.97,1
1070,74,Male,564,278022,Emergency,5,279,1,0.57,1
1071,34,Male,660,270129,Emergency,5,25,1,0.22,1
1072,65,Female,160,496121,Consultation,5,172,1,0.86,1
1073,64,Male,882,209720,Surgery,2,155,0,0.74,1
1074,40,Male,14,46235,Surgery,4,237,0,0.41,1
1075,32,Male,178,286075,Consultation,2,81,1,0.47,0
1076,54,Male,412,97876,Emergency,1,355,1,0.41,0
1077,38,Female,878,5336,Therapy,0,272,1,0.93,1
1078,31,Female,53,310077,Surgery,5,67,1,0.34,1
1079,19,Male,408,483115,Surgery,4,43,0,0.96,1
1080,28,Male,847,312680,Emergency,5,60,1,0.91,1
1081,68,Male,22,74504,Emergency,2,122,0,0.63,0
1082,56,Male,30,104214,Surgery,3,348,1,0.58,0
1083,55,Female,703,187220,Emergency,1,195,0,0.37,0
1084,77,Female,260,118936,Therapy,0,329,1,0.02,0
1085,51,Male,205,21279,Surgery,1,322,0,0.13,0
1086,55,Male,59,204737,Therapy,3,110,0,0.75,1
1087,67,Male,471,108751,Therapy,0,257,0,0.47,0
1088,51,Female,776,371577,Emergency,3,88,1,0.15,1
1089,35,Male,466,76386,Therapy,1,197,0,0.26,0
1090,47,Female,12,91124,Emergency,2,281,1,0.95,1
1091,32,Male,631,372894,Consultation,1,199,0,0.37,1
1092,44,Female,927,344629,Emergency,1,98,0,0.91,1
1093,68,Male,974,341199,Therapy,1,26,1,0.3,1
1094,51,Female,290,96911,Consultation,4,88,0,0.54,1
1095,69,Male,850,365762,Emergency,3,145,1,0.02,1
1096,74,Male,760,475489,Therapy,3,181,1,0.52,1
1097,55,Male,354,202742,Surgery,5,256,1,0.64,1
1098,50,Female,639,474690,Surgery,3,188,1,0.23,1
1099,41,Male,75,452244,Emergency,5,239,0,0.58,1
1100,32,Female,873,226094,Emergency,4,358,0,0.65,1
1101,77,Female,716,381036,Surgery,2,195,1,0.69,1
1102,47,Male,561,489848,Therapy,5,296,0,0.78,1
1103,72,Male,591,242723,Therapy,1,164,0,0.31,0
1104,59,Male,441,338272,Therapy,2,306,1,0.57,1
1105,68,Female,991,416324,Emergency,4,270,0,0.98,1
1106,34,Male,241,319639,Consultation,3,7,1,0.9,1
1107,22,Female,861,87806,Consultation,5,37,0,0.95,1
1108,46,Female,154,360329,Consultation,1,113,0,0.39,1
1109,21,Male,786,212605,Consultation,0,338,1,0.79,1
1110,27,Male,96,235097,Consultation,0,55,0,0.62,0
1111,73,Male,726,455046,Emergency,2,358,0,0.08,1
1112,34,Male,294,472856,Emergency,3,137,1,0.82,1
1113,27,Male,209,450725,Consultation,0,101,0,0.68,1
1114,34,Male,343,202478,Emergency,2,333,1,0.2,0
1115,77,Female,88,492436,Emergency,4,176,0,0.08,1
1116,37,Female,818,175591,Consultation,2,168,1,0.84,1
1117,41,Female,776,316793,Therapy,2,338,1,0.08,1
1118,22,Male,937,170596,Emergency,2,285,1,0.09,0
1119,51,Female,390,494709,Therapy,1,260,1,0.43,1
1120,23,Female,325,169957,Emergency,2,222,1,0.13,0
1121,70,Female,940,442585,Emergency,5,198,0,0.91,1
1122,19,Female,889,237204,Consultation,2,210,0,0.47,0
1123,30,Female,832,362546,Emergency,1,286,1,0.57,1
1124,79,Male,157,297820,Surgery,1,179,0,0.93,1
1125,60,Male,668,331237,Surgery,4,249,1,0.53,1
1126,60,Female,651,445980,Consultation,3,230,0,0.35,1
1127,65,Female,633,186871,Therapy,0,22,0,0.8,1
1128,28,Female,577,346558,Therapy,0,47,1,0.44,1
1129,68,Male,619,360239,Therapy,2,108,1,0.32,1
1130,64,Male,659,248154,Surgery,4,295,0,0.72,1
1131,74,Female,137,77307,Therapy,2,5,0,0.8,1
1132,40,Male,923,480278,Therapy,0,37,1,0.79,1
1133,72,Male,674,362576,Consultation,1,168,0,0.98,1
1134,33,Female,428,299067,Therapy,3,355,0,0.79,1
1135,48,Male,452,384593,Surgery,4,282,1,0.77,1
1136,28,Male,612,499955,Surgery,1,202,0,0.86,1
1137,71,Female,850,240998,Surgery,3,324,1,0.0,0
1138,33,Male,911,476604,Consultation,4,312,1,0.36,1
1139,25,Male,819,314718,Consultation,4,272,1,0.74,1
1140,21,Female,141,441607,Emergency,0,243,0,0.6,1
1141,57,Male,83,126757,Therapy,1,326,0,0.18,0
1142,21,Male,177,58664,Consultation,4,46,1,0.3,1
1143,73,Female,198,334528,Surgery,5,248,1,0.34,1
1144,42,Female,624,298171,Surgery,4,78,0,0.57,1
1145,20,Female,568,171536,Consultation,3,109,0,0.83,1
1146,49,Male,972,301629,Consultation,0,12,0,0.93,1
1147,20,Female,691,264438,Consultation,2,364,1,0.75,1
1148,44,Male,421,155528,Emergency,0,89,1,0.84,1
1149,46,Female,401,473011,Surgery,2,341,0,0.47,1
1150,49,Male,698,302698,Emergency,1,347,0,0.39,1
1151,67,Female,471,314066,Emergency,1,279,0,0.39,1
1152,78,Female,218,280553,Therapy,4,220,1,0.62,1
1153,75,Female,925,205399,Surgery,5,72,1,0.12,1
1154,68,Female,929,227472,Surgery,1,233,0,0.58,0
1155,36,Male,828,303783,Consultation,4,259,0,0.67,1
1156,38,Female,987,236182,Consultation,0,112,1,0.44,0
1157,22,Female,729,461843,Therapy,1,45,1,0.95,1
1158,35,Male,632,481640,Emergency,0,273,0,0.61,1
1159,45,Female,951,286836,Consultation,0,42,0,0.22,0
1160,59,Male,906,94037,Consultation,5,207,0,0.48,1
1161,78,Female,175,214912,Surgery,1,348,1,0.68,0
1162,39,Female,23,190272,Surgery,0,102,0,0.32,0
1163,38,Female,725,229135,Consultation,5,123,1,0.08,1
1164,23,Male,917,193487,Surgery,5,9,1,0.58,1
1165,18,Female,235,23074,Therapy,1,328,0,0.95,1
1166,22,Female,13,151621,Consultation,5,186,0,0.49,1
1167,58,Female,101,297107,Surgery,1,30,1,0.91,1
1168,29,Male,929,489672,Therapy,1,155,0,0.84,1
1169,43,Male,536,232434,Surgery,2,59,1,0.15,0
1170,63,Female,876,237679,Surgery,0,248,0,0.71,1
1171,51,Male,523,57265,Surgery,3,269,0,0.44,0
1172,66,Female,785,21061,Consultation,1,216,0,0.25,0
1173,31,Female,452,456442,Emergency,0,1,0,0.69,1
1174,43,Female,431,164882,Surgery,5,23,1,0.74,1
1175,62,Female,793,458222,Therapy,4,205,1,0.18,1
1176,44,Female,606,118502,Consultation,1,319,1,0.91,1
1177,26,Female,713,289944,Consultation,5,198,0,0.75,1
1178,43,Female,533,383336,Therapy,5,355,1,0.93,1
1179,74,Male,852,261505,Surgery,5,113,1,0.32,1
1180,64,Male,979,112228,Emergency,5,279,1,0.94,1
1181,74,Male,723,211548,Surgery,5,154,0,0.37,1
1182,39,Male,652,467676,Therapy,1,164,1,0.05,1
1183,64,Male,293,455983,Consultation,3,221,0,0.76,1
1184,73,Male,810,295198,Emergency,2,90,0,0.7,0
1185,47,Male,913,473535,Consultation,5,166,1,0.6,1
1186,60,Female,101,181469,Therapy,5,206,0,0.49,1
1187,65,Female,502,18233,Surgery,2,281,1,0.03,0
1188,78,Female,304,247277,Emergency,1,64,1,0.62,0
1189,34,Female,871,488236,Consultation,0,3,1,0.42,1
1190,43,Male,540,161140,Consultation,4,156,1,0.56,1
1191,53,Male,553,332871,Consultation,4,248,1,0.43,1
1192,18,Female,355,357754,Surgery,0,256,0,0.97,1
1193,25,Female,303,337597,Emergency,1,234,1,0.6,1
1194,66,Male,496,109135,Surgery,4,305,0,0.75,1
1195,52,Female,658,424048,Surgery,2,73,1,0.94,1
1196,78,Female,768,375608,Surgery,0,186,1,0.59,1
1197,69,Female,974,222314,Therapy,3,61,1,0.01,0
1198,32,Female,227,18682,Therapy,1,336,0,0.03,0
1199,64,Male,236,490514,Therapy,0,163,0,0.7,1
1200,73,Female,873,159455,Emergency,4,55,0,0.28,1
1201,39,Female,892,325304,Surgery,1,110,0,0.58,1
1202,31,Male,455,229404,Surgery,2,217,1,0.2,0
1203,43,Male,13,290810,Therapy,1,239,1,0.27,0
1204,45,Female,210,325961,Surgery,1,20,0,0.5,1
1205,40,Male,741,96198,Surgery,2,140,0,0.98,1
1206,31,Female,397,432858,Consultation,5,264,0,0.62,1
1207,41,Female,100,46830,Surgery,2,138,1,0.94,1
1208,19,Male,31,15234,Consultation,1,69,0,0.96,1
1209,62,Female,898,62616,Surgery,2,117,0,0.21,0
1210,43,Female,528,276365,Emergency,5,197,1,0.31,1
1211,31,Female,649,147482,Therapy,0,204,0,0.77,1
1212,76,Female,329,216127,Consultation,2,213,1,0.87,1
1213,73,Male,166,197485,Therapy,2,55,1,0.52,0
1214,68,Male,459,6051,Consultation,1,286,1,0.99,1
1215,24,Female,822,377673,Consultation,0,292,1,0.01,1
1216,20,Male,952,473517,Consultation,3,174,1,0.3,1
1217,64,Female,982,81918,Emergency,3,346,0,0.62,0
1218,40,Female,993,83116,Surgery,4,127,0,0.47,1
1219,63,Female,100,389370,Consultation,2,324,1,0.12,1
1220,60,Female,621,454779,Emergency,2,291,1,0.37,1
1221,64,Female,855,233931,Consultation,0,287,0,0.03,0
1222,77,Male,173,311901,Surgery,5,225,0,0.64,1
1223,62,Female,749,388152,Consultation,3,63,1,0.89,1
1224,35,Male,162,213547,Emergency,4,47,0,0.88,1
1225,75,Male,905,449473,Surgery,0,201,0,0.7,1
1226,55,Female,728,231572,Emergency,2,336,1,0.47,0
1227,52,Female,776,136379,Surgery,3,59,0,0.51,0
1228,68,Female,263,61889,Surgery,4,256,0,0.14,1
1229,32,Female,804,467111,Therapy,1,64,0,0.34,1
1230,42,Female,274,231256,Therapy,3,238,0,0.19,0
1231,72,Male,3,303088,Therapy,4,288,1,0.82,1
1232,54,Female,28,366699,Surgery,0,37,0,0.91,1
1233,45,Female,326,43134,Consultation,1,24,1,0.54,0
1234,27,Male,940,425539,Emergency,4,58,0,0.73,1
1235,56,Male,149,207834,Emergency,4,356,1,0.12,1
1236,74,Female,540,485441,Emergency,2,296,1,0.61,1
1237,34,Male,488,232579,Therapy,5,157,0,0.7,1
1238,56,Female,822,30954,Surgery,3,56,1,0.45,0
1239,39,Male,438,191093,Therapy,2,47,1,0.24,0
1240,43,Male,65,357103,Consultation,1,327,1,0.88,1
1241,79,Female,356,231999,Surgery,5,55,1,0.74,1
1242,61,Male,533,215938,Emergency,4,64,1,0.9,1
1243,42,Male,252,206499,Therapy,2,267,0,0.82,1
1244,34,Male,235,272136,Therapy,5,68,1,0.99,1
1245,30,Male,227,6961,Consultation,3,215,1,0.19,0
1246,37,Male,525,17497,Consultation,1,88,0,0.09,0
1247,42,Male,313,430767,Therapy,0,280,0,0.34,1
1248,21,Female,49,474600,Consultation,2,256,1,0.13,1
1249,27,Female,118,261446,Emergency,1,159,0,0.52,0
1250,20,Male,54,453971,Consultation,0,233,0,0.63,1
1251,58,Female,650,280399,Consultation,2,130,0,0.58,0
1252,62,Female,565,140639,Therapy,1,48,0,0.26,0
1253,35,Female,44,315991,Therapy,1,146,0,0.91,1
1254,64,Male,815,240889,Surgery,5,315,0,0.02,1
1255,53,Female,53,184075,Surgery,2,1,1,0.35,0
1256,64,Male,586,25389,Therapy,1,328,1,0.72,1
1257,39,Female,558,180595,Consultation,4,144,0,0.77,1
1258,51,Male,525,390946,Consultation,2,60,0,0.42,1
1259,64,Male,677,328720,Surgery,1,272,1,0.02,1
1260,25,Female,102,311063,Surgery,5,48,0,0.62,1
1261,57,Female,792,218175,Surgery,0,331,1,0.06,0
1262,66,Male,770,8358,Emergency,0,130,0,0.11,0
1263,61,Female,982,355679,Emergency,4,42,1,0.65,1
1264,36,Female,849,257557,Surgery,2,56,1,0.31,0
1265,59,Female,868,212596,Consultation,5,49,0,0.35,1
1266,58,Male,398,259488,Surgery,1,177,0,0.49,0
1267,54,Male,138,110982,Emergency,1,292,0,0.98,1
1268,23,Female,675,233129,Consultation,0,45,0,0.97,1
1269,69,Female,921,272842,Emergency,5,169,1,0.42,1
1270,43,Female,387,333953,Consultation,4,270,0,0.27,1
1271,51,Male,111,98079,Emergency,0,335,1,0.3,0
1272,76,Male,614,60805,Consultation,0,138,0,0.27,0
1273,73,Female,17,167421,Consultation,4,246,1,0.53,1
1274,76,Female,780,212849,Consultation,2,147,0,0.61,0
1275,62,Female,182,448464,Consultation,1,229,0,0.49,1
1276,23,Female,884,342177,Therapy,2,279,1,0.41,1
1277,54,Female,536,243483,Emergency,5,124,0,0.21,1
1278,74,Female,541,365383,Emergency,3,191,0,0.48,1
1279,50,Male,171,397551,Therapy,3,79,0,0.34,1
1280,70,Female,409,49041,Consultation,3,93,0,0.54,0
1281,39,Male,740,299098,Consultation,4,225,0,0.68,1
1282,38,Female,378,275146,Emergency,0,64,1,0.63,0
1283,23,Female,188,336927,Therapy,2,87,0,0.46,1
1284,23,Male,858,112524,Consultation,1,87,1,0.56,0
1285,72,Male,230,223306,Consultation,3,200,0,0.28,0
1286,65,Male,833,392001,Consultation,2,213,0,0.02,1
1287,21,Male,852,24738,Surgery,3,203,1,0.63,0
1288,47,Female,119,277847,Therapy,3,88,1,0.25,0
1289,28,Male,156,118776,Consultation,1,60,1,0.67,0
1290,79,Female,784,185494,Surgery,5,270,1,0.75,1
1291,79,Male,687,481322,Therapy,5,93,1,0.92,1
1292,47,Female,465,197971,Consultation,5,306,0,0.96,1
1293,48,Female,104,410608,Emergency,4,26,1,0.01,1
1294,41,Female,604,311868,Surgery,0,213,1,0.99,1
1295,72,Female,698,299443,Surgery,4,73,0,0.68,1
1296,26,Female,972,282785,Consultation,2,60,0,0.64,0
1297,72,Female,795,346678,Consultation,4,185,1,0.02,1
1298,20,Male,502,273449,Surgery,2,30,1,0.86,1
1299,68,Female,693,234334,Emergency,2,218,1,0.15,0
1300,48,Male,682,285926,Emergency,0,11,0,0.84,1
1301,57,Male,699,345401,Therapy,1,301,1,0.02,1
1302,54,Female,175,241371,Consultation,0,31,0,0.65,0
1303,53,Male,734,82963,Emergency,5,159,0,0.43,1
1304,41,Female,745,126987,Therapy,5,236,0,0.2,1
1305,48,Male,674,156638,Emergency,4,226,0,0.11,1
1306,23,Female,421,129591,Consultation,2,180,1,0.44,0
1307,19,Male,134,72766,Therapy,3,316,0,0.12,0
1308,37,Female,391,11511,Therapy,3,45,0,0.49,0
1309,45,Female,992,119816,Therapy,2,340,1,0.63,0
1310,28,Female,736,254432,Emergency,0,79,0,0.83,1
1311,21,Female,501,424393,Consultation,1,134,1,0.68,1
1312,32,Male,665,271909,Therapy,0,259,0,0.07,0
1313,23,Female,33,156426,Surgery,2,307,1,0.31,0
1314,71,Male,55,291073,Consultation,2,246,0,0.29,0
1315,66,Male,954,164892,Surgery,1,158,0,0.92,1
1316,47,Male,519,116576,Surgery,4,202,1,0.87,1
1317,73,Female,756,427739,Therapy,4,111,0,0.37,1
1318,55,Male,825,76088,Therapy,1,291,0,0.07,0
1319,68,Male,638,464379,Emergency,4,309,1,0.89,1
1320,79,Male,12,82525,Emergency,3,118,0,0.89,1
1321,74,Female,528,18780,Emergency,4,16,0,0.85,1
1322,19,Female,720,273733,Consultation,4,330,1,0.85,1
1323,32,Male,555,433028,Emergency,4,226,1,0.48,1
1324,28,Female,373,360808,Surgery,3,360,1,0.18,1
1325,25,Female,484,444155,Emergency,4,116,1,0.48,1
1326,43,Male,973,449709,Therapy,5,42,1,0.49,1
1327,68,Male,647,109188,Emergency,3,114,0,0.49,0
1328,62,Female,228,98326,Consultation,1,282,1,0.54,0
1329,61,Male,623,308097,Consultation,0,36,0,0.26,1
1330,22,Female,307,70785,Surgery,1,301,1,0.37,0
1331,23,Female,457,24309,Consultation,0,112,0,0.43,0
1332,43,Female,160,59195,Emergency,1,34,0,0.13,0
1333,71,Female,331,30901,Therapy,5,131,1,0.46,1
1334,21,Female,776,159648,Consultation,0,335,0,0.81,1
1335,36,Female,225,429724,Surgery,0,335,0,0.83,1
1336,37,Male,983,472927,Emergency,2,227,1,0.41,1
1337,50,Male,729,30464,Surgery,0,146,1,0.52,0
1338,37,Female,504,458497,Consultation,0,121,1,0.03,1
1339,66,Female,456,283404,Consultation,2,80,1,0.67,0
1340,29,Female,45,129997,Surgery,4,172,0,0.4,1
1341,64,Male,214,302584,Emergency,4,153,0,0.45,1
1342,18,Female,59,362226,Consultation,2,149,0,0.87,1
1343,43,Male,644,372727,Therapy,3,57,0,0.46,1
1344,31,Female,616,61683,Consultation,0,62,0,0.02,0
1345,55,Female,195,391350,Emergency,0,155,0,0.23,1
1346,54,Male,925,177502,Consultation,2,355,1,0.48,0
1347,79,Male,489,400203,Surgery,2,321,0,0.42,1
1348,28,Female,157,161177,Consultation,3,167,0,0.86,1
1349,53,Female,610,83484,Consultation,5,165,0,0.54,1
1350,30,Female,226,254819,Emergency,4,84,1,0.69,1
1351,60,Male,412,411242,Surgery,1,136,1,0.47,1
1352,20,Male,205,335453,Emergency,5,188,1,0.44,1
1353,50,Male,79,313071,Consultation,4,1,1,0.45,1
1354,23,Male,124,211486,Therapy,0,105,0,0.41,0
1355,67,Male,471,455751,Consultation,5,363,0,0.54,1
1356,73,Male,940,310090,Emergency,2,71,0,0.25,1
1357,27,Female,218,393647,Therapy,3,125,1,0.89,1
1358,22,Female,516,454777,Emergency,4,169,0,0.33,1
1359,40,Male,602,146449,Emergency,3,204,0,0.15,0
1360,27,Female,104,58592,Surgery,4,312,0,0.1,1
1361,61,Female,393,143419,Therapy,5,336,1,0.01,1
1362,19,Male,631,300920,Consultation,0,194,1,0.42,1
1363,30,Female,645,401999,Emergency,1,157,1,0.19,1
1364,57,Male,824,60798,Consultation,3,140,0,0.02,0
1365,19,Male,608,140370,Surgery,3,274,0,0.52,0
1366,37,Female,980,337348,Surgery,1,6,0,0.68,1
1367,18,Male,434,353351,Therapy,3,53,0,0.09,1
1368,54,Male,331,367500,Surgery,3,103,1,0.46,1
1369,26,Male,143,453377,Surgery,4,341,0,0.74,1
1370,34,Male,800,327796,Consultation,4,337,1,0.99,1
1371,26,Male,540,432700,Surgery,1,60,0,0.67,1
1372,28,Male,278,496830,Surgery,0,86,1,0.24,1
1373,32,Male,233,396716,Emergency,5,257,0,0.72,1
1374,41,Male,529,248767,Surgery,5,177,0,0.6,1
1375,55,Female,571,25922,Emergency,3,241,1,0.21,0
1376,72,Female,90,432244,Surgery,0,202,1,0.85,1
1377,52,Female,492,418532,Surgery,1,30,0,0.43,1
1378,47,Male,199,344140,Therapy,1,288,0,0.96,1
1379,48,Male,362,415184,Therapy,4,79,0,0.72,1
1380,66,Female,441,297410,Emergency,3,10,1,0.64,0
1381,22,Female,26,231817,Surgery,2,253,0,0.73,1
1382,79,Female,25,422216,Consultation,1,286,1,0.48,1
1383,77,Male,394,412227,Therapy,3,175,0,0.51,1
1384,61,Female,507,7866,Consultation,0,125,0,0.85,1
1385,67,Female,301,117669,Therapy,4,46,0,0.68,1
1386,31,Male,339,273042,Therapy,5,205,0,0.9,1
1387,70,Female,267,285539,Surgery,0,106,1,0.89,1
1388,73,Male,461,175091,Therapy,1,274,1,0.98,1
1389,28,Male,693,271150,Consultation,1,336,0,0.7,0
1390,26,Male,456,170465,Therapy,0,122,0,0.5,0
1391,51,Female,360,278100,Emergency,1,133,0,0.17,0
1392,29,Female,68,448258,Surgery,3,106,1,0.71,1
1393,52,Male,863,494415,Surgery,1,304,0,0.29,1
1394,52,Female,412,404294,Emergency,4,328,1,0.28,1
1395,18,Female,971,427847,Emergency,3,49,1,0.24,1
1396,57,Female,491,362820,Emergency,2,336,1,0.88,1
1397,39,Female,833,126724,Therapy,1,94,1,0.87,1
1398,77,Male,49,67901,Surgery,1,267,0,0.63,0
1399,46,Female,687,374371,Emergency,4,22,0,0.47,1
1400,25,Male,564,205569,Therapy,4,53,1,0.67,1
1401,28,Male,102,493029,Emergency,5,253,0,0.61,1
1402,58,Female,216,122192,Consultation,0,234,0,0.42,0
1403,54,Male,438,177646,Consultation,0,58,0,0.38,0
1404,31,Female,700,298561,Surgery,0,163,1,0.38,0
1405,77,Female,569,355164,Therapy,4,258,0,0.59,1
1406,47,Male,559,350783,Consultation,0,313,0,0.65,1
1407,52,Male,159,463222,Consultation,0,215,0,0.45,1
1408,38,Male,489,99881,Therapy,2,182,0,0.97,1
1409,54,Male,686,247934,Emergency,0,56,0,0.08,0
1410,22,Female,242,437670,Therapy,1,144,0,0.35,1
1411,36,Female,794,137659,Emergency,5,89,0,0.42,1
1412,76,Female,753,126688,Consultation,4,310,0,0.02,1
1413,31,Male,882,120584,Consultation,3,44,0,0.36,0
1414,43,Male,5,190782,Consultation,5,256,0,0.27,1
1415,79,Male,596,353711,Surgery,2,20,1,0.51,1
1416,21,Female,820,227820,Surgery,4,20,0,0.34,1
1417,42,Male,361,343030,Surgery,4,51,1,0.73,1
1418,62,Female,459,417032,Therapy,1,337,0,0.51,1
1419,59,Male,248,221896,Consultation,5,170,1,0.13,1
1420,42,Female,566,296576,Consultation,5,66,1,0.75,1
1421,35,Female,673,184689,Therapy,0,112,0,0.1,0
1422,57,Male,946,339517,Surgery,1,299,1,0.84,1
1423,25,Male,422,170289,Therapy,0,159,1,0.93,1
1424,56,Female,923,288028,Surgery,0,265,1,0.32,0
1425,57,Female,738,272598,Consultation,4,319,0,0.93,1
1426,31,Male,15,79960,Emergency,5,231,1,0.79,1
1427,49,Male,736,107421,Surgery,0,324,1,0.92,1
1428,68,Female,573,243245,Consultation,2,67,0,0.67,0
1429,78,Male,122,48618,Consultation,2,27,1,0.24,0
1430,55,Female,277,482164,Emergency,5,115,1,0.89,1
1431,50,Female,558,460887,Consultation,2,50,1,0.18,1
1432,40,Male,453,52111,Consultation,4,180,0,0.21,1
1433,32,Male,390,437829,Surgery,1,259,1,0.27,1
1434,50,Male,294,221750,Surgery,3,78,0,0.3,0
1435,42,Male,574,125592,Emergency,0,272,1,0.51,0
1436,34,Male,598,239000,Emergency,3,107,1,0.71,1
1437,50,Female,446,260989,Consultation,1,73,1,0.93,1
1438,64,Female,210,327137,Surgery,1,174,1,0.09,1
1439,72,Male,590,133652,Emergency,4,183,0,0.95,1
1440,19,Male,714,407064,Emergency,2,22,1,0.92,1
1441,31,Male,302,83672,Therapy,2,273,0,0.05,0
1442,70,Female,909,255351,Emergency,1,128,1,0.36,0
1443,57,Male,223,333269,Consultation,4,290,0,0.81,1
1444,57,Male,734,222516,Surgery,4,319,1,0.61,1
1445,68,Female,3,384653,Emergency,5,185,1,0.78,1
1446,56,Female,990,66602,Therapy,0,58,0,0.72,1
1447,68,Male,518,208117,Surgery,2,0,0,0.5,0
1448,23,Male,93,242069,Emergency,1,130,0,0.04,0
1449,23,Male,520,47222,Therapy,5,66,0,0.58,1
1450,20,Female,428,316367,Emergency,3,292,1,0.05,1
1451,24,Male,493,246084,Surgery,2,284,0,0.6,0
1452,68,Male,235,247318,Surgery,0,88,0,0.8,1
1453,25,Male,620,70333,Surgery,4,99,0,0.58,1
1454,59,Female,161,188804,Consultation,1,188,1,1.0,1
1455,69,Female,721,389794,Emergency,2,345,1,0.46,1
1456,32,Male,752,54420,Consultation,3,240,1,0.75,1
1457,64,Male,331,80504,Surgery,0,269,1,0.67,0
1458,46,Female,333,7462,Therapy,0,218,0,0.99,1
1459,50,Female,50,276604,Emergency,5,175,1,0.71,1
1460,69,Female,523,104319,Consultation,2,340,0,0.16,0
1461,47,Female,863,261674,Emergency,3,232,1,0.96,1
1462,56,Female,668,145347,Therapy,0,150,0,0.67,0
1463,44,Female,492,492429,Consultation,1,276,0,0.06,1
1464,53,Female,582,149341,Surgery,0,228,0,0.66,0
1465,46,Female,681,134593,Consultation,3,170,0,0.88,1
1466,55,Female,272,127672,Emergency,4,222,0,0.58,1
1467,74,Male,580,464158,Emergency,4,212,1,0.35,1
1468,50,Male,867,340064,Emergency,5,281,0,0.82,1
1469,78,Male,252,289697,Emergency,2,40,0,0.78,1
1470,54,Female,560,422582,Surgery,3,121,0,0.54,1
1471,44,Male,696,49036,Consultation,5,226,0,0.15,1
1472,72,Female,832,153441,Surgery,0,293,1,0.25,0
1473,50,Female,699,147867,Surgery,0,87,1,0.74,1
1474,79,Male,90,75021,Surgery,4,266,0,0.81,1
1475,21,Female,446,374349,Emergency,5,28,0,0.28,1
1476,39,Male,332,466370,Emergency,4,246,0,0.37,1
1477,19,Male,139,166215,Emergency,1,315,0,0.08,0
1478,27,Male,357,427641,Consultation,4,243,1,0.71,1
1479,22,Female,601,355353,Therapy,1,60,1,0.0,1
1480,76,Male,274,342283,Emergency,0,146,0,0.05,1
1481,27,Female,19,241304,Consultation,5,173,0,0.0,1
1482,50,Male,983,10368,Emergency,1,277,0,0.65,0
1483,71,Male,311,140693,Emergency,5,333,0,0.42,1
1484,55,Male,870,63829,Surgery,5,141,0,0.3,1
1485,30,Female,886,396180,Surgery,1,43,1,0.91,1
1486,48,Female,978,458510,Surgery,2,143,1,0.19,1
1487,64,Female,154,281863,Consultation,4,352,0,0.39,1
1488,53,Male,390,34227,Therapy,1,332,1,0.94,1
1489,62,Male,260,114430,Therapy,0,54,1,0.43,0
1490,41,Female,620,405782,Consultation,5,306,1,0.55,1
1491,69,Female,883,17306,Emergency,3,357,0,0.08,0
1492,73,Female,797,58822,Consultation,1,160,1,0.79,1
1493,32,Female,571,29042,Emergency,4,284,1,0.42,1
1494,46,Female,125,413302,Consultation,5,324,0,0.8,1
1495,25,Female,354,153459,Consultation,2,197,1,0.25,0
1496,22,Male,273,425258,Consultation,0,158,0,0.42,1
1497,46,Female,619,94424,Therapy,2,79,1,0.79,1
1498,64,Male,811,187690,Surgery,3,30,0,0.97,1
1499,21,Male,245,228122,Consultation,1,111,0,0.06,0
1500,29,Female,848,154395,Therapy,5,45,1,0.81,1
1501,62,Female,450,23019,Surgery,1,352,1,0.3,0
1502,19,Male,930,342570,Surgery,4,204,0,0.55,1
1503,44,Female,247,45863,Consultation,1,51,0,0.29,0
1504,48,Female,520,116023,Emergency,0,137,1,0.61,0
1505,68,Male,141,146355,Emergency,3,73,1,0.35,0
1506,68,Male,362,416495,Emergency,2,40,1,0.33,1
1507,53,Male,8,314143,Consultation,3,76,1,0.04,1
1508,53,Female,478,67780,Emergency,5,186,0,0.15,1
1509,43,Male,352,290052,Therapy,1,51,0,0.92,1
1510,60,Female,996,197656,Therapy,5,86,0,1.0,1
1511,44,Male,495,393422,Therapy,2,108,1,0.78,1
1512,22,Male,606,380146,Therapy,5,224,1,0.29,1
1513,37,Male,833,448441,Surgery,4,247,0,0.4,1
1514,28,Female,427,174024,Therapy,3,68,0,0.74,1
1515,79,Female,39,105706,Emergency,2,119,0,0.97,1
1516,27,Male,593,173735,Consultation,2,66,0,0.46,0
1517,57,Male,187,127019,Emergency,2,60,0,0.83,1
1518,55,Male,596,376852,Therapy,0,326,0,0.98,1
1519,23,Female,600,197453,Surgery,3,190,1,0.87,1
1520,25,Male,754,184001,Therapy,5,188,0,0.23,1
1521,40,Female,854,276487,Consultation,2,150,0,0.01,0
1522,64,Male,93,343317,Emergency,3,285,0,0.49,1
1523,43,Male,86,105260,Consultation,2,95,0,0.53,0
1524,63,Male,44,175863,Consultation,4,311,0,0.2,1
1525,60,Male,137,165206,Consultation,4,308,0,0.28,1
1526,29,Male,421,183173,Emergency,4,262,0,0.77,1
1527,43,Male,74,74443,Therapy,1,96,1,0.47,0
1528,30,Female,548,235183,Consultation,2,112,0,0.32,0
1529,57,Male,613,324674,Emergency,1,124,1,0.62,1
1530,79,Female,988,445015,Surgery,3,131,1,0.65,1
1531,35,Male,512,140899,Emergency,1,120,1,0.77,1
1532,42,Male,156,101143,Surgery,3,196,0,0.16,0
1533,50,Female,938,198725,Emergency,3,293,0,0.74,1
1534,64,Male,255,149771,Therapy,3,121,0,0.6,0
1535,57,Female,171,489635,Consultation,5,281,0,0.06,1
1536,77,Female,981,381671,Therapy,1,259,0,0.78,1
1537,60,Male,728,253044,Emergency,5,38,0,0.38,1
1538,29,Female,170,141385,Consultation,2,53,0,0.33,0
1539,61,Female,764,149670,Surgery,1,160,0,0.45,0
1540,53,Male,872,116362,Emergency,2,288,0,0.35,0
1541,65,Female,322,251517,Consultation,2,199,0,0.34,0
1542,21,Male,567,295951,Surgery,3,275,1,0.81,1
1543,22,Male,456,468639,Surgery,1,15,0,0.12,1
1544,73,Male,944,205462,Therapy,2,172,0,0.97,1
1545,54,Male,603,181298,Emergency,4,247,0,0.55,1
1546,25,Female,790,64550,Surgery,2,217,1,0.18,0
1547,59,Male,613,478288,Consultation,4,86,0,0.13,1
1548,66,Male,155,270702,Surgery,1,81,0,0.59,0
1549,45,Female,889,473524,Surgery,5,61,1,0.63,1
1550,48,Male,349,317257,Therapy,1,286,0,0.05,1
1551,75,Male,451,320143,Therapy,5,41,1,0.24,1
1552,26,Female,876,191950,Consultation,5,11,1,0.8,1
1553,71,Female,653,434559,Therapy,1,320,1,0.05,1
1554,68,Female,173,63219,Surgery,2,233,1,0.86,1
1555,46,Female,10,171258,Surgery,0,328,0,0.66,0
1556,31,Female,740,435182,Therapy,2,130,1,0.43,1
1557,57,Female,265,169841,Surgery,2,114,1,0.35,0
1558,58,Female,438,256004,Surgery,3,217,0,0.02,0
1559,39,Male,760,262336,Consultation,3,136,0,0.83,1
1560,28,Female,247,241495,Therapy,2,105,0,0.14,0
1561,40,Female,667,58218,Surgery,4,178,1,0.31,1
1562,18,Female,546,286373,Therapy,5,15,0,0.57,1
1563,63,Male,499,342353,Consultation,3,241,1,0.25,1
1564,54,Male,129,32877,Therapy,2,333,1,0.5,0
1565,38,Female,672,194073,Surgery,0,225,0,0.81,1
1566,43,Female,601,364281,Therapy,4,241,0,0.47,1
1567,63,Female,605,305228,Surgery,1,140,0,0.95,1
1568,53,Male,327,348924,Surgery,2,198,0,0.85,1
1569,71,Male,753,491108,Surgery,2,111,0,0.33,1
1570,40,Female,835,152878,Consultation,5,126,0,0.4,1
1571,74,Male,980,224707,Therapy,4,20,1,0.42,1
1572,18,Female,404,246249,Consultation,3,146,1,0.63,0
1573,71,Male,629,42034,Therapy,3,88,0,0.29,0
1574,72,Male,606,176389,Consultation,3,302,1,0.97,1
1575,68,Female,675,322612,Emergency,1,202,1,0.61,1
1576,57,Female,611,417310,Surgery,4,84,1,0.4,1
1577,32,Female,625,193868,Surgery,4,166,1,0.65,1
1578,38,Female,359,15589,Consultation,3,71,1,0.4,0
1579,64,Male,603,62221,Emergency,3,297,1,0.82,1
1580,26,Male,858,260927,Surgery,5,8,0,0.57,1
1581,70,Male,718,268801,Therapy,0,280,0,0.04,0
1582,26,Female,17,365444,Consultation,0,257,0,0.18,1
1583,27,Male,274,122229,Surgery,2,274,1,0.86,1
1584,69,Female,685,306675,Surgery,2,237,0,0.56,1
1585,74,Male,116,57227,Consultation,4,19,0,0.95,1
1586,70,Female,861,270308,Consultation,4,232,0,0.07,1
1587,43,Female,980,98078,Therapy,1,220,1,0.3,0
1588,58,Male,693,482189,Therapy,1,325,0,0.19,1
1589,52,Female,91,308391,Surgery,0,16,1,0.55,1
1590,69,Female,82,240113,Surgery,2,88,0,0.38,0
1591,42,Male,324,417817,Consultation,0,195,0,0.16,1
1592,43,Female,961,492182,Surgery,0,349,0,0.64,1
1593,28,Female,114,55599,Surgery,2,83,1,0.54,0
1594,55,Female,769,469761,Consultation,1,86,1,0.27,1
1595,19,Male,58,251367,Surgery,5,306,1,0.48,1
1596,24,Male,154,402768,Surgery,5,337,1,0.75,1
1597,35,Female,877,407633,Emergency,5,153,1,0.21,1
1598,44,Male,404,194651,Therapy,2,227,0,0.29,0
1599,51,Female,628,73207,Consultation,3,263,0,0.35,0
1600,44,Female,855,339199,Emergency,3,222,1,0.75,1
1601,34,Female,266,369410,Therapy,3,120,1,0.85,1
1602,60,Female,315,345414,Therapy,4,172,0,0.38,1
1603,76,Female,715,116426,Therapy,1,3,1,0.3,0
1604,61,Male,41,139794,Emergency,1,341,0,0.89,1
1605,76,Female,105,337586,Emergency,4,127,1,1.0,1
1606,68,Male,901,362776,Therapy,0,109,0,0.67,1
1607,71,Male,890,176103,Surgery,5,354,1,0.99,1
1608,41,Female,193,215307,Surgery,3,36,1,0.66,0
1609,42,Female,401,26438,Emergency,5,70,0,0.73,1
1610,24,Male,278,63819,Emergency,3,288,0,0.39,0
1611,69,Male,354,48856,Emergency,5,30,1,0.43,1
1612,23,Male,749,431792,Therapy,0,267,1,0.14,1
1613,70,Female,937,309082,Surgery,5,10,0,0.82,1
1614,41,Male,733,447244,Emergency,5,343,1,0.93,1
1615,50,Female,580,64807,Emergency,2,327,0,0.62,0
1616,66,Female,709,317021,Consultation,5,31,0,0.34,1
1617,46,Female,256,495999,Therapy,2,56,1,0.15,1
1618,60,Male,651,48461,Consultation,1,165,0,0.27,0
1619,39,Female,824,98474,Surgery,4,187,0,0.26,1
1620,43,Female,947,438685,Consultation,5,341,1,0.61,1
1621,45,Female,661,350280,Consultation,1,18,0,0.95,1
1622,67,Female,99,287579,Consultation,2,115,0,0.05,0
1623,38,Female,588,220189,Therapy,5,183,0,0.0,1
1624,66,Male,282,412407,Surgery,5,269,0,0.6,1
1625,24,Female,883,351870,Consultation,0,32,1,0.28,1
1626,34,Female,403,259730,Therapy,1,9,0,0.88,1
1627,37,Male,109,251732,Surgery,3,79,1,0.33,0
1628,58,Female,700,425602,Emergency,3,191,0,0.29,1
1629,66,Male,199,167793,Consultation,0,319,1,0.27,0
1630,37,Female,303,59786,Surgery,2,189,0,0.14,0
1631,71,Male,327,280848,Consultation,3,67,1,0.58,0
1632,39,Male,154,61635,Emergency,3,347,0,0.17,0
1633,45,Female,552,400339,Surgery,4,124,0,0.42,1
1634,78,Female,645,357854,Therapy,1,335,0,0.46,1
1635,57,Female,405,245909,Surgery,2,58,0,0.02,0
1636,66,Male,462,250984,Therapy,5,96,1,0.02,1
1637,24,Male,132,330137,Surgery,1,274,1,0.52,1
1638,18,Male,791,117752,Therapy,2,148,0,0.7,0
1639,49,Female,874,216194,Emergency,3,277,1,0.94,1
1640,30,Male,84,233584,Emergency,4,264,0,0.18,1
1641,47,Male,399,423632,Emergency,1,8,0,0.1,1
1642,40,Female,754,137886,Surgery,3,282,1,0.05,0
1643,68,Male,628,83537,Emergency,2,272,1,0.44,0
1644,76,Male,109,317402,Consultation,1,300,1,0.62,1
1645,73,Female,221,152580,Emergency,5,7,0,0.84,1
1646,36,Male,904,90166,Therapy,1,207,0,0.68,0
1647,79,Female,553,214988,Therapy,3,124,1,0.21,0
1648,49,Female,368,380854,Therapy,1,122,0,0.46,1
1649,47,Female,147,302843,Surgery,5,32,1,0.91,1
1650,46,Female,112,313479,Consultation,4,0,1,0.33,1
1651,66,Female,615,313950,Emergency,4,203,1,0.5,1
1652,62,Male,558,344997,Consultation,3,5,1,0.96,1
1653,46,Male,924,199840,Consultation,2,296,1,0.73,1
1654,47,Female,494,302883,Therapy,3,4,1,0.75,1
1655,33,Female,505,39785,Therapy,4,79,0,0.25,1
1656,57,Male,475,168052,Therapy,0,273,0,0.41,0
1657,36,Female,836,487551,Surgery,0,176,1,0.08,1
1658,35,Female,890,236791,Consultation,1,337,1,0.61,0
1659,18,Female,271,492918,Consultation,5,320,1,0.1,1
1660,31,Male,995,352160,Surgery,1,338,0,0.84,1
1661,68,Male,421,399825,Surgery,0,135,1,0.81,1
1662,64,Female,897,71253,Surgery,4,24,1,0.53,1
1663,67,Female,707,483697,Consultation,1,324,1,0.14,1
1664,19,Male,367,96128,Consultation,3,182,0,0.03,0
1665,71,Male,280,426357,Therapy,5,167,1,0.8,1
1666,45,Female,283,166081,Therapy,3,337,0,0.6,0
1667,66,Female,40,394725,Consultation,5,177,0,0.71,1
1668,67,Male,959,115966,Therapy,4,94,1,0.3,1
1669,47,Male,189,142854,Surgery,1,32,0,0.51,0
1670,55,Male,164,490288,Emergency,5,110,0,0.75,1
1671,68,Female,994,104352,Therapy,3,145,0,0.46,0
1672,21,Male,989,424149,Consultation,1,230,1,0.6,1
1673,18,Female,536,344298,Therapy,1,271,0,0.79,1
1674,25,Male,536,144379,Therapy,3,335,1,0.22,0
1675,46,Male,4,228279,Therapy,0,37,1,0.07,1
1676,72,Male,835,242281,Emergency,5,134,1,0.53,1
1677,56,Male,290,113297,Surgery,3,333,0,0.06,0
1678,20,Female,953,211946,Consultation,4,234,1,0.77,1
1679,49,Female,433,43346,Emergency,2,318,0,0.72,1
1680,27,Male,471,117138,Consultation,3,344,0,0.88,1
1681,27,Female,181,317916,Consultation,1,159,0,0.64,1
1682,36,Male,248,470300,Consultation,1,37,0,0.07,1
1683,63,Male,628,45149,Emergency,3,149,1,0.25,0
1684,51,Male,279,353844,Surgery,2,307,1,0.81,1
1685,77,Male,877,163598,Consultation,3,28,0,0.17,0
1686,50,Female,581,363902,Surgery,2,143,1,0.7,1
1687,40,Male,863,483928,Surgery,2,75,1,0.78,1
1688,72,Male,254,133447,Therapy,4,144,1,0.33,1
1689,45,Female,181,466693,Emergency,5,228,0,0.32,1
1690,49,Male,830,10695,Emergency,1,63,1,0.56,0
1691,67,Male,681,44169,Therapy,1,346,0,0.86,1
1692,24,Male,825,315091,Therapy,2,344,1,0.22,1
1693,46,Female,509,183296,Surgery,1,268,0,0.94,1
1694,25,Male,761,313009,Consultation,0,327,0,0.6,1
1695,18,Female,700,161625,Emergency,2,183,0,0.99,1
1696,74,Male,566,371645,Consultation,1,260,1,0.09,1
1697,72,Male,326,327554,Consultation,0,267,0,0.13,1
1698,20,Female,357,370898,Therapy,4,168,1,0.83,1
1699,41,Male,825,358039,Consultation,1,258,0,0.86,1
1700,40,Male,650,423032,Surgery,0,226,1,0.45,1
1701,76,Female,680,191098,Therapy,3,32,0,0.71,1
1702,78,Female,391,317849,Consultation,5,213,1,0.87,1
1703,25,Female,615,197994,Therapy,3,49,0,0.04,0
1704,71,Female,934,382844,Surgery,0,209,0,0.57,1
1705,74,Female,85,341058,Surgery,2,28,0,0.85,1
1706,64,Male,317,6881,Consultation,2,38,1,0.4,0
1707,54,Female,212,437783,Therapy,1,346,0,0.3,1
1708,20,Male,515,314509,Consultation,3,99,0,0.8,1
1709,68,Male,384,84211,Consultation,2,172,0,0.34,0
1710,50,Male,691,468338,Therapy,2,16,0,0.0,1
1711,45,Female,342,161078,Consultation,3,55,1,0.96,1
1712,64,Female,815,308342,Surgery,4,225,0,0.59,1
1713,25,Male,964,421047,Therapy,2,45,0,0.82,1
1714,51,Female,988,367793,Therapy,5,66,1,0.83,1
1715,52,Female,844,414675,Therapy,0,196,1,0.07,1
1716,49,Female,38,430659,Therapy,1,141,1,0.17,1
1717,41,Female,511,440532,Consultation,2,322,0,0.31,1
1718,31,Male,420,232203,Consultation,5,22,1,0.32,1
1719,49,Male,751,200558,Surgery,5,93,1,0.66,1
1720,73,Female,169,141949,Emergency,2,241,1,0.62,0
1721,63,Male,965,44553,Emergency,4,236,0,0.49,1
1722,60,Female,909,403138,Surgery,0,53,0,0.21,1
1723,33,Female,343,389922,Emergency,1,137,0,0.38,1
1724,21,Male,826,384162,Surgery,2,332,1,0.54,1
1725,69,Male,306,140758,Consultation,1,271,0,0.47,0
1726,54,Male,542,37766,Therapy,3,40,1,0.13,0
1727,71,Female,702,478159,Therapy,5,97,1,0.65,1
1728,38,Male,869,299150,Consultation,5,182,1,0.07,1
1729,31,Female,537,36422,Therapy,2,127,0,0.38,0
1730,48,Male,112,383734,Therapy,2,228,1,0.71,1
1731,72,Male,411,279349,Emergency,3,316,1,0.02,0
1732,65,Female,947,484806,Consultation,4,85,0,0.57,1
1733,35,Female,206,159599,Emergency,2,255,1,0.33,0
1734,24,Female,185,247555,Emergency,5,208,1,0.01,1
1735,27,Female,382,416659,Therapy,1,214,1,0.19,1
1736,24,Female,496,414740,Therapy,0,99,0,0.94,1
1737,50,Female,379,383621,Consultation,1,48,1,0.52,1
1738,40,Female,47,33202,Therapy,4,200,0,1.0,1
1739,38,Female,886,463768,Therapy,0,257,0,0.52,1
1740,36,Male,740,444358,Consultation,1,177,1,0.54,1
1741,65,Female,551,328836,Therapy,1,244,1,0.39,1
1742,78,Female,528,218456,Emergency,3,122,1,0.31,0
1743,36,Male,504,25855,Consultation,4,341,1,0.25,1
1744,53,Female,22,481963,Therapy,5,170,0,0.34,1
1745,46,Male,213,196444,Surgery,3,332,0,0.46,0
1746,77,Male,310,292239,Consultation,0,135,1,0.19,0
1747,35,Female,661,436940,Consultation,5,58,0,0.22,1
1748,19,Male,968,316385,Surgery,3,192,1,0.27,1
1749,18,Female,753,108119,Therapy,4,267,1,0.45,1
1750,64,Male,272,57003,Therapy,2,259,1,0.65,0
1751,22,Male,571,466595,Consultation,2,94,1,0.86,1
1752,37,Male,799,99837,Consultation,0,124,0,0.29,0
1753,28,Female,938,228068,Therapy,2,40,0,0.18,0
1754,59,Female,202,495670,Therapy,3,253,1,0.38,1
1755,19,Male,32,361427,Emergency,0,6,1,0.89,1
1756,20,Male,443,414188,Consultation,5,215,0,0.01,1
1757,40,Female,162,128805,Consultation,4,68,0,0.68,1
1758,72,Female,767,360990,Surgery,0,68,0,0.48,1
1759,29,Male,254,290071,Emergency,5,80,1,0.16,1
1760,37,Male,521,387733,Therapy,0,29,0,0.32,1
1761,22,Female,977,120657,Emergency,1,72,1,0.22,0
1762,54,Female,651,333774,Therapy,1,261,1,0.88,1
1763,55,Female,480,109428,Therapy,0,88,0,0.48,0
1764,47,Female,10,127035,Emergency,2,207,1,0.56,0
1765,26,Female,726,450563,Consultation,1,212,0,0.59,1
1766,51,Male,505,235780,Therapy,4,321,1,0.64,1
1767,70,Female,785,393388,Emergency,5,265,1,0.5,1
1768,61,Male,836,487076,Surgery,3,292,1,0.02,1
1769,52,Female,560,222282,Emergency,1,206,1,0.33,0
1770,69,Male,436,74518,Surgery,0,332,1,0.18,0
1771,75,Female,111,181355,Therapy,2,76,1,0.68,0
1772,39,Female,153,348470,Emergency,3,287,0,0.06,1
1773,61,Male,635,148277,Emergency,5,46,0,0.56,1
1774,41,Male,917,125243,Surgery,5,109,1,0.21,1
1775,34,Female,869,488090,Emergency,1,199,0,0.95,1
1776,27,Female,102,279892,Emergency,5,209,1,0.34,1
1777,47,Female,753,419313,Therapy,5,153,0,0.33,1
1778,73,Female,833,401308,Emergency,2,9,0,0.92,1
1779,76,Female,191,58311,Consultation,2,352,1,0.42,0
1780,63,Male,729,27692,Surgery,2,156,0,0.96,1
1781,40,Male,563,129954,Emergency,0,260,1,0.02,0
1782,49,Female,804,159934,Surgery,5,76,0,0.31,1
1783,34,Male,81,397179,Surgery,5,256,1,0.67,1
1784,67,Male,489,226468,Surgery,5,130,0,0.89,1
1785,68,Male,895,346651,Emergency,4,66,1,0.26,1
1786,34,Female,88,85152,Emergency,2,227,0,0.93,1
1787,31,Male,194,468685,Surgery,3,162,1,0.59,1
1788,26,Female,104,9926,Consultation,1,14,0,0.8,1
1789,57,Male,783,489515,Surgery,3,231,1,0.4,1
1790,19,Female,96,8969,Consultation,0,194,0,0.21,0
1791,62,Male,423,40733,Surgery,0,348,1,0.91,1
1792,42,Female,891,336999,Therapy,5,29,0,0.93,1
1793,56,Female,198,46743,Surgery,3,358,1,0.5,0
1794,26,Male,1,135193,Surgery,5,337,1,0.01,1
1795,71,Female,407,175948,Emergency,4,330,1,0.11,1
1796,39,Female,378,374589,Consultation,0,315,1,0.57,1
1797,60,Female,167,25323,Therapy,0,295,0,0.02,0
1798,63,Female,509,283572,Consultation,3,329,0,0.4,0
1799,21,Female,638,39578,Therapy,0,219,0,0.3,0
1800,43,Female,313,91486,Surgery,4,146,1,0.71,1
1801,75,Female,593,331284,Emergency,4,258,1,0.06,1
1802,46,Female,418,262450,Emergency,4,291,1,0.49,1
1803,62,Male,763,112325,Consultation,1,298,1,0.58,0
1804,51,Male,681,350973,Emergency,4,142,1,0.62,1
1805,40,Female,477,273508,Consultation,4,234,0,0.41,1
1806,54,Female,73,396011,Consultation,1,114,0,0.3,1
1807,28,Male,141,433565,Therapy,5,364,0,0.68,1
1808,23,Male,582,136763,Consultation,2,89,1,0.85,1
1809,35,Male,262,262971,Therapy,0,207,1,0.69,0
1810,38,Female,340,100598,Emergency,4,163,1,0.93,1
1811,59,Male,308,202539,Consultation,0,83,1,0.72,1
1812,53,Female,245,181968,Consultation,3,76,1,0.76,1
1813,58,Female,515,62062,Surgery,0,160,1,0.17,0
1814,55,Male,337,233338,Consultation,5,4,1,0.42,1
1815,51,Female,575,215834,Consultation,1,77,0,0.49,0
1816,34,Female,561,149933,Surgery,0,90,0,0.26,0
1817,54,Female,76,232909,Surgery,0,86,1,0.53,0
1818,42,Female,880,93302,Emergency,0,269,1,0.29,0
1819,55,Male,175,499926,Consultation,2,103,1,0.69,1
1820,75,Male,109,68928,Emergency,2,338,0,0.47,0
1821,29,Female,183,219303,Emergency,3,174,0,0.46,0
1822,40,Female,192,46347,Surgery,1,53,1,0.98,1
1823,70,Male,65,8121,Therapy,0,210,0,0.39,0
1824,59,Female,849,88793,Emergency,0,94,0,0.36,0
1825,39,Male,963,33164,Therapy,0,222,0,0.32,0
1826,38,Female,474,292635,Consultation,0,8,1,0.89,1
1827,44,Female,783,64222,Surgery,2,52,0,0.5,0
1828,74,Male,100,159237,Consultation,5,76,0,0.6,1
1829,48,Male,544,8748,Consultation,5,205,1,0.18,1
1830,23,Male,864,496797,Surgery,3,315,1,0.54,1
1831,44,Male,128,31553,Consultation,4,301,0,0.27,1
1832,57,Female,452,121547,Surgery,1,309,1,0.73,1
1833,51,Male,914,65380,Therapy,5,329,0,0.83,1
1834,29,Female,369,49331,Consultation,0,111,0,0.71,1
1835,62,Male,851,232105,Surgery,5,350,1,0.73,1
1836,74,Male,43,495060,Emergency,3,164,1,0.51,1
1837,70,Female,884,125617,Consultation,4,278,0,0.71,1
1838,24,Male,419,306704,Therapy,5,26,1,0.42,1
1839,27,Male,488,321009,Surgery,3,69,1,0.65,1
1840,62,Male,78,444902,Consultation,2,217,0,0.26,1
1841,34,Male,826,80910,Consultation,4,364,0,0.07,1
1842,43,Female,801,402891,Consultation,3,188,0,0.41,1
1843,38,Female,270,464922,Therapy,5,332,0,0.46,1
1844,45,Male,674,345130,Surgery,2,305,0,0.26,1
1845,79,Male,701,212288,Emergency,3,123,0,0.73,1
1846,75,Male,759,15068,Emergency,3,18,1,0.07,0
1847,63,Female,900,59460,Emergency,5,256,1,0.22,1
1848,19,Female,728,367910,Surgery,4,295,0,0.75,1
1849,77,Female,315,51418,Emergency,2,21,1,0.44,0
1850,71,Female,925,293350,Therapy,0,39,1,0.71,1
1851,60,Male,851,133180,Surgery,1,37,0,0.57,0
1852,18,Male,902,267431,Consultation,4,47,1,0.95,1
1853,68,Male,889,27337,Therapy,2,182,1,0.6,0
1854,70,Female,993,156738,Consultation,3,74,0,0.01,0
1855,53,Male,945,252667,Emergency,2,208,1,0.35,0
1856,68,Female,168,137233,Therapy,1,182,1,0.14,0
1857,43,Female,339,367811,Surgery,5,106,0,0.92,1
1858,46,Male,193,357215,Therapy,1,187,1,0.1,1
1859,38,Male,453,103064,Consultation,0,263,1,0.39,0
1860,28,Male,283,436967,Surgery,0,85,1,0.23,1
1861,57,Female,336,480279,Therapy,1,323,0,0.85,1
1862,28,Female,390,373655,Therapy,4,330,0,0.31,1
1863,53,Male,525,487605,Therapy,4,136,1,0.99,1
1864,66,Male,240,412974,Therapy,3,345,1,0.04,1
1865,76,Female,832,463996,Surgery,0,335,0,0.13,1
1866,56,Male,958,251686,Consultation,3,94,0,0.22,0
1867,57,Female,483,8178,Therapy,0,325,1,0.81,1
1868,52,Female,659,36831,Surgery,1,244,0,0.88,1
1869,71,Male,716,138248,Consultation,4,89,1,0.07,1
1870,51,Male,592,108306,Therapy,4,58,1,0.03,1
1871,72,Male,891,169726,Consultation,1,27,0,0.74,1
1872,64,Male,555,259292,Consultation,3,71,0,0.13,0
1873,41,Female,458,424843,Surgery,3,269,1,0.13,1
1874,71,Female,89,188622,Consultation,2,23,1,0.02,0
1875,39,Female,660,379169,Surgery,0,111,0,0.05,1
1876,22,Male,95,180982,Therapy,3,299,1,0.26,0
1877,73,Female,452,95417,Consultation,1,55,0,0.07,0
1878,50,Male,428,194323,Consultation,3,222,0,0.37,0
1879,75,Male,151,433638,Emergency,4,119,0,0.83,1
1880,53,Male,514,16984,Therapy,0,178,0,0.33,0
1881,64,Male,376,94312,Therapy,5,287,0,0.73,1
1882,37,Male,22,197458,Emergency,2,280,1,0.09,0
1883,36,Male,883,88291,Emergency,0,188,0,0.66,0
1884,52,Female,313,274279,Surgery,4,65,0,0.32,1
1885,69,Male,997,5320,Surgery,4,297,0,0.75,1
1886,60,Female,840,492387,Consultation,4,248,0,0.14,1
1887,34,Female,519,157756,Consultation,4,75,0,0.9,1
1888,79,Male,206,454129,Consultation,1,136,0,0.24,1
1889,76,Male,952,355918,Consultation,2,163,0,0.35,1
1890,62,Male,375,420105,Surgery,5,232,1,0.95,1
1891,60,Female,451,231921,Therapy,4,254,1,0.58,1
1892,51,Male,626,365215,Consultation,4,293,1,0.37,1
1893,26,Female,784,184971,Therapy,3,169,1,0.95,1
1894,43,Male,595,260083,Consultation,2,316,0,0.33,0
1895,19,Male,179,408986,Emergency,0,173,1,0.09,1
1896,70,Female,210,437537,Consultation,2,344,0,1.0,1
1897,26,Female,500,484178,Consultation,2,17,1,0.27,1
1898,26,Male,464,114863,Consultation,5,69,1,0.85,1
1899,57,Female,840,46777,Surgery,2,337,0,0.17,0
1900,34,Female,124,51250,Emergency,5,115,0,0.73,1
1901,18,Female,993,340178,Consultation,4,79,1,0.52,1
1902,42,Female,113,372084,Consultation,4,14,1,0.98,1
1903,78,Female,12,307274,Therapy,1,175,1,0.55,1
1904,60,Male,126,480147,Emergency,5,268,1,0.03,1
1905,57,Male,565,185418,Consultation,5,118,0,0.6,1
1906,59,Female,331,400753,Therapy,0,298,1,0.15,1
1907,42,Male,901,220834,Therapy,3,187,1,0.8,1
1908,56,Male,283,20216,Surgery,2,56,1,0.86,1
1909,52,Female,140,351293,Therapy,0,198,1,0.48,1
1910,20,Male,401,8009,Consultation,5,16,1,0.78,1
1911,67,Female,902,357048,Surgery,0,287,0,0.15,1
1912,54,Female,97,165399,Surgery,1,54,0,0.49,0
1913,61,Male,517,150281,Consultation,3,268,0,0.39,0
1914,61,Female,569,184515,Emergency,5,302,0,0.61,1
1915,68,Female,924,20029,Therapy,5,86,0,0.04,1
1916,47,Female,846,465829,Surgery,2,317,1,0.75,1
1917,55,Female,69,215515,Emergency,3,28,0,0.08,0
1918,51,Female,118,193069,Consultation,1,21,0,0.66,0
1919,29,Male,888,369315,Therapy,4,320,1,0.02,1
1920,36,Male,59,119456,Therapy,0,284,0,0.83,1
1921,54,Female,33,329703,Surgery,2,47,0,0.17,1
1922,61,Female,318,332036,Therapy,5,4,0,0.52,1
1923,76,Male,50,337553,Therapy,4,249,0,0.26,1
1924,76,Female,880,406851,Therapy,1,162,1,0.72,1
1925,66,Male,489,300209,Therapy,3,201,1,0.32,1
1926,78,Female,19,247471,Consultation,0,100,0,0.72,1
1927,34,Female,726,387688,Emergency,2,70,1,0.28,1
1928,27,Female,197,374484,Consultation,5,162,0,0.75,1
1929,74,Female,891,38783,Consultation,5,172,1,0.03,1
1930,72,Female,450,39152,Surgery,4,140,1,0.28,1
1931,66,Female,990,63741,Therapy,4,137,1,0.5,1
1932,64,Female,559,374193,Consultation,0,65,1,0.05,1
1933,29,Male,679,449718,Therapy,3,197,1,0.19,1
1934,79,Male,452,34092,Consultation,1,327,1,0.93,1
1935,33,Male,289,153725,Consultation,3,227,1,0.98,1
1936,41,Female,141,496215,Surgery,3,280,1,0.74,1
1937,36,Female,84,235636,Emergency,3,171,1,0.25,0
1938,25,Female,694,176541,Emergency,0,315,1,0.26,0
1939,48,Female,391,259136,Consultation,0,39,1,0.65,0
1940,38,Female,591,353627,Surgery,1,6,0,0.12,1
1941,34,Female,215,388729,Therapy,3,173,1,0.95,1
1942,40,Female,526,326898,Therapy,0,150,0,0.22,1
1943,54,Male,215,166050,Consultation,1,210,1,1.0,1
1944,71,Female,403,92592,Emergency,5,301,0,0.5,1
1945,33,Male,128,361687,Surgery,1,85,0,0.77,1
1946,23,Male,822,48169,Emergency,3,252,0,0.0,0
1947,25,Female,477,446503,Therapy,2,20,1,0.89,1
1948,42,Female,760,59745,Emergency,3,256,1,0.27,0
1949,35,Male,404,115168,Therapy,2,32,1,0.67,0
1950,42,Male,29,118985,Surgery,1,259,1,0.81,1
1951,29,Female,792,272687,Surgery,5,233,0,0.16,1
1952,32,Female,338,192464,Consultation,5,2,1,0.44,1
1953,76,Male,831,26067,Consultation,0,346,1,0.49,0
1954,43,Female,714,56033,Emergency,5,307,1,0.31,1
1955,58,Female,361,50256,Surgery,4,226,1,0.48,1
1956,62,Female,569,226705,Surgery,1,283,1,0.32,0
1957,43,Male,392,244455,Consultation,0,69,1,0.36,0
1958,64,Male,218,205417,Therapy,5,312,1,0.67,1
1959,49,Male,574,420407,Emergency,1,363,1,0.63,1
1960,27,Female,669,91803,Emergency,3,253,0,0.23,0
1961,33,Female,202,208814,Consultation,5,143,0,0.9,1
1962,24,Male,17,123843,Surgery,2,23,1,0.86,1
1963,34,Male,322,484809,Consultation,1,233,1,0.51,1
1964,40,Male,518,33992,Consultation,0,332,1,0.43,0
1965,43,Female,570,217603,Consultation,3,174,1,0.38,0
1966,38,Male,325,53803,Consultation,4,331,0,0.71,1
1967,39,Male,412,377119,Therapy,3,324,0,0.67,1
1968,75,Female,318,199549,Therapy,5,356,1,0.2,1
1969,24,Female,681,149282,Surgery,2,158,0,0.67,0
1970,31,Female,965,481545,Consultation,3,347,0,0.25,1
1971,32,Male,82,31270,Therapy,4,347,1,0.02,1
1972,70,Female,474,460224,Surgery,0,285,1,0.7,1
1973,24,Female,468,403413,Consultation,1,17,1,0.64,1
1974,26,Male,425,249929,Emergency,2,43,0,0.41,0
1975,68,Female,945,12452,Therapy,4,154,0,0.53,1
1976,65,Male,731,308630,Surgery,5,354,1,0.95,1
1977,25,Male,689,19859,Emergency,5,230,1,0.6,1
1978,67,Female,204,425452,Consultation,5,315,0,0.66,1
1979,76,Female,583,430115,Consultation,2,224,0,0.06,1
1980,40,Female,387,37083,Consultation,3,216,1,0.17,0
1981,46,Female,778,334852,Therapy,2,55,0,0.3,1
1982,35,Female,98,116462,Surgery,5,30,1,0.54,1
1983,48,Female,345,152735,Emergency,4,356,1,0.78,1
1984,47,Male,803,360220,Surgery,1,58,0,0.32,1
1985,69,Male,208,254737,Therapy,1,352,0,0.36,0
1986,56,Female,514,286197,Surgery,2,234,0,0.26,0
1987,52,Male,636,147157,Therapy,5,106,1,0.25,1
1988,35,Female,792,428780,Consultation,0,190,1,0.95,1
1989,76,Male,586,356889,Emergency,2,17,1,0.64,1
1990,59,Male,166,195167,Consultation,5,225,1,0.16,1
1991,56,Male,22,74517,Surgery,3,166,1,0.72,1
1992,34,Female,154,157225,Consultation,1,70,1,0.72,1
1993,31,Male,939,141319,Emergency,1,361,0,0.67,0
1994,48,Female,439,408769,Consultation,1,53,1,0.13,1
1995,41,Male,295,419027,Emergency,0,244,1,0.41,1
1996,52,Male,219,231453,Emergency,5,349,1,0.11,1
1997,61,Male,669,404351,Consultation,5,75,1,0.82,1
1998,77,Male,495,141645,Therapy,5,34,0,0.66,1
1999,62,Male,230,84267,Surgery,5,266,1,0.51,1
2000,51,Female,20,143261,Therapy,0,316,0,0.34,0
